id,group,value
e0_0,Control,2.5882258675255443
e0_1,Control,2.130259804789097
e0_2,Control,1.1427823579646017
e0_3,Control,0.830899481524854
e0_4,Control,0.662360552230747
e0_5,Control,0.47798505518182105
e0_6,Control,1.9539678285949225
e0_7,Control,0.706283084786084
e0_8,Control,1.3110573005232797
e0_9,Control,1.153786993324268
e0_10,Control,1.225469719536795
e0_11,Control,1.3390457965482663
e0_12,Control,1.1707286444268812
e0_13,Control,2.295906697803343
e0_14,Control,0.47818805370643425
e0_15,Control,0.8168940911244332
e0_16,Control,1.0303558692386614
e0_17,Control,3.632459306620684
e0_18,Control,0.9436253359685991
e0_19,Control,0.7150490456602169
e0_20,Control,1.4712859844462611
e0_21,Control,1.4677660513886253
e0_22,Control,0.7442343989379876
e0_23,Control,0.5983122577293911
e0_24,Control,0.6453809977305246
e0_25,Control,0.5392812179264842
e0_26,Control,0.5965339644262767
e0_27,Control,0.822611308971809
e0_28,Control,0.7733307348126043
e0_29,Control,0.5696657243638117
e0_30,Control,0.6803511668484761
e0_31,Control,0.5417901341131152
e0_32,Control,1.1032971102050213
e0_33,Control,1.1032821344320554
e0_34,Control,0.7222329225004965
e0_35,Control,1.9220601111490427
e0_36,Control,0.6753224354640329
e0_37,Control,1.584256250903172
e0_38,Control,0.7542101460968064
e0_39,Control,0.500046213989127
e0_40,Control,0.6717033764491122
e0_41,Control,0.9787927328042029
e0_42,Control,0.9530568152681946
e0_43,Control,1.1464899854008985
e0_44,Control,1.453001872020457
e0_45,Control,1.0613219884736815
e0_46,Control,0.7656190934301341
e0_47,Control,1.1145783371276334
e0_48,Control,0.7852132728986244
e0_49,Control,0.7366194125562282
e0_50,Control,0.8107507319044114
e0_51,Control,0.651018059481569
e0_52,Control,1.250276505149518
e0_53,Control,1.089127716431356
e0_54,Control,0.6680735281387992
e0_55,Control,0.8718147697505175
e0_56,Control,0.9763816582098245
e0_57,Control,1.2360511041689748
e0_58,Control,1.7730509522012603
e0_59,Control,0.3134951120209644
e0_60,Control,1.5093388528766576
e0_61,Control,1.404279012139547
e0_62,Control,1.36503672980821
e0_63,Control,1.1228994607499652
e0_64,Control,0.6836176445462065
e0_65,Control,1.0898435076261221
e0_66,Control,0.6244184896840497
e0_67,Control,0.3548726610753025
e0_68,Control,0.9055277831073243
e0_69,Control,0.398126397043505
e0_70,Control,1.5699205407380228
e0_71,Control,1.3322674708331415
e0_72,Control,0.959304130166571
e0_73,Control,1.7654313564669373
e0_74,Control,0.47471981144008624
e0_75,Control,0.6120311402361357
e0_76,Control,1.3811216213702227
e0_77,Control,0.6275761793117935
e0_78,Control,0.8908940554957313
e0_79,Control,2.468026108138087
e0_80,Control,1.1613291825012784
e0_81,Control,1.1153722982115781
e0_82,Control,1.3810184054171484
e0_83,Control,1.1762933643276057
e0_84,Control,0.5941934632490763
e0_85,Control,1.766077770386303
e0_86,Control,0.7429112159731083
e0_87,Control,0.8091450136128824
e0_88,Control,3.1257423365522583
e0_89,Control,1.0577343392491352
e0_90,Control,1.1038895115673504
e0_91,Control,0.48164352784977477
e0_92,Control,0.8672947052057918
e0_93,Control,1.0449448308332703
e0_94,Control,0.6125303724504518
e0_95,Control,1.2728762469780557
e0_96,Control,0.6576122113063058
e0_97,Control,1.8810708251041872
e0_98,Control,1.1262336565568087
e0_99,Control,1.6034180394684963
e0_100,Control,1.3540905750485086
e0_101,Control,0.5393736197103348
e0_102,Control,1.5597902219963722
e0_103,Control,2.697136616488132
e0_104,Control,1.3966526633959866
e0_105,Control,0.825036227890064
e0_106,Control,0.7688100505312814
e0_107,Control,1.5920972720546736
e0_108,Control,1.4672363991373294
e0_109,Control,1.5932638359703812
e0_110,Control,0.6356505157449682
e0_111,Control,1.0240161958303007
e0_112,Control,0.2682181870939738
e0_113,Control,0.9531110438384071
e0_114,Control,0.5951646720681738
e0_115,Control,2.1975292991307076
e0_116,Control,0.3410562561998094
e0_117,Control,1.0644423455375776
e0_118,Control,0.697173681670904
e0_119,Control,0.955540047089656
e0_120,Control,0.6929713670209245
e0_121,Control,0.4008609336931226
e0_122,Control,0.9077180477746152
e0_123,Control,0.4079565353403657
e0_124,Control,0.6443694336096988
e0_125,Control,1.359013615277641
e0_126,Control,0.5372557666373121
e0_127,Control,0.6613176670869566
e0_128,Control,2.1788034197113677
e0_129,Control,1.671394995152055
e0_130,Control,1.311283096159729
e0_131,Control,2.0069040079652303
e0_132,Control,0.6355664543579977
e0_133,Control,1.1348624908608123
e0_134,Control,1.7376831030489865
e0_135,Control,1.6395408462552468
e0_136,Control,1.2073385435905755
e0_137,Control,0.8639732909583789
e0_138,Control,0.7449253953975783
e0_139,Control,1.0724395137188745
e0_140,Control,2.497420285098459
e0_141,Control,1.3755922306614141
e0_142,Control,0.612019368826537
e0_143,Control,0.9530269798531891
e0_144,Control,0.7449381125529465
e0_145,Control,2.3519832629878463
e0_146,Control,1.874263233188613
e0_147,Control,0.8871289380998552
e0_148,Control,0.4436253363218538
e0_149,Control,2.024066840564578
e1_0,Low dose,0.8945875805592809
e1_1,Low dose,0.9147501453884004
e1_2,Low dose,2.747259744879786
e1_3,Low dose,1.7639547304310192
e1_4,Low dose,3.5585953155036014
e1_5,Low dose,1.826934906718437
e1_6,Low dose,2.106739335825146
e1_7,Low dose,0.9799020472273335
e1_8,Low dose,1.262103224097694
e1_9,Low dose,0.7816498744168799
e1_10,Low dose,1.107442217071261
e1_11,Low dose,2.7710575656202336
e1_12,Low dose,1.887809197614562
e1_13,Low dose,1.754198439916249
e1_14,Low dose,0.7559993774824011
e1_15,Low dose,1.8402771804270894
e1_16,Low dose,3.5882147363043564
e1_17,Low dose,2.4202520988785956
e1_18,Low dose,1.2320440257029004
e1_19,Low dose,0.6768569822569872
e1_20,Low dose,1.943324659639183
e1_21,Low dose,1.1958513970682108
e1_22,Low dose,0.9670992714649664
e1_23,Low dose,2.808106867130717
e1_24,Low dose,1.6206149379164612
e1_25,Low dose,2.660956575391501
e1_26,Low dose,2.1629682345242958
e1_27,Low dose,1.757453123105614
e1_28,Low dose,0.8095545535947661
e1_29,Low dose,1.1849055591376962
e1_30,Low dose,1.4212906805951295
e1_31,Low dose,2.4408936944027286
e1_32,Low dose,0.9786458093231956
e1_33,Low dose,1.1690404913089654
e1_34,Low dose,1.361188595745975
e1_35,Low dose,0.9632709799416742
e1_36,Low dose,3.913471720844537
e1_37,Low dose,1.0133550634413075
e1_38,Low dose,1.071546880725265
e1_39,Low dose,0.7694554001282606
e1_40,Low dose,2.642437708256965
e1_41,Low dose,2.2270624113966795
e1_42,Low dose,1.70649986921634
e1_43,Low dose,1.3018448968128515
e1_44,Low dose,1.5722693363739253
e1_45,Low dose,1.4957124525504888
e1_46,Low dose,0.8143178304850976
e1_47,Low dose,0.8755668966359427
e1_48,Low dose,2.3388843696957626
e1_49,Low dose,1.5738073182154404
e1_50,Low dose,1.8425788199035347
e1_51,Low dose,1.3026588216398556
e1_52,Low dose,0.7669887365923521
e1_53,Low dose,2.447656957243956
e1_54,Low dose,0.9823094256566425
e1_55,Low dose,1.9140749169119458
e1_56,Low dose,2.5377211314145267
e1_57,Low dose,0.9839449578343973
e1_58,Low dose,2.6343258469038746
e1_59,Low dose,1.6521433757350719
e1_60,Low dose,1.1894189474540326
e1_61,Low dose,1.558905443851094
e1_62,Low dose,0.5929889130614273
e1_63,Low dose,2.352785627925173
e1_64,Low dose,0.7027014124038404
e1_65,Low dose,5.045481132582174
e1_66,Low dose,0.7133198788136476
e1_67,Low dose,0.9228905469055732
e1_68,Low dose,1.2721863528245072
e1_69,Low dose,3.087777762219254
e1_70,Low dose,3.063192560834198
e1_71,Low dose,3.6103392543267416
e1_72,Low dose,2.0822600885994738
e1_73,Low dose,1.6587155539309526
e1_74,Low dose,1.8335156824182692
e1_75,Low dose,2.358447408709356
e1_76,Low dose,3.4618289872261383
e1_77,Low dose,3.206231247433099
e1_78,Low dose,1.8413062782554341
e1_79,Low dose,3.062935977683944
e1_80,Low dose,6.061856338753803
e1_81,Low dose,0.5984632816859702
e1_82,Low dose,0.7429442150793438
e1_83,Low dose,1.718172005846542
e1_84,Low dose,1.6520845711216068
e1_85,Low dose,1.0630763484230656
e1_86,Low dose,1.759466284467474
e1_87,Low dose,1.1534991149814502
e1_88,Low dose,3.2461756249083735
e1_89,Low dose,1.8262350127324187
e1_90,Low dose,0.5870187478153581
e1_91,Low dose,2.8545392998342183
e1_92,Low dose,1.700054833700255
e1_93,Low dose,1.626719339386227
e1_94,Low dose,1.780532760334757
e1_95,Low dose,1.1622509954907247
e1_96,Low dose,4.1782107223405225
e1_97,Low dose,1.057566600391799
e1_98,Low dose,2.2353040292162243
e1_99,Low dose,2.889131956894172
e1_100,Low dose,1.0696753938206143
e1_101,Low dose,1.650869337040176
e1_102,Low dose,4.162930731187965
e1_103,Low dose,1.2245873736225312
e1_104,Low dose,5.147974012510808
e1_105,Low dose,1.3494155939128651
e1_106,Low dose,1.3988231744234674
e1_107,Low dose,0.9649535043603277
e1_108,Low dose,1.1712804435353152
e1_109,Low dose,0.44069135349833416
e1_110,Low dose,3.2848015020167898
e1_111,Low dose,1.3361349687558095
e1_112,Low dose,2.4726637068252337
e1_113,Low dose,1.1177719475362036
e1_114,Low dose,2.6222323785140773
e1_115,Low dose,0.8747560231496004
e1_116,Low dose,2.1235844286865837
e1_117,Low dose,2.460504649814934
e1_118,Low dose,1.3380233425229489
e1_119,Low dose,2.4417286011841695
e1_120,Low dose,0.7507543811356204
e1_121,Low dose,1.4375559083847955
e1_122,Low dose,2.6373977016513686
e1_123,Low dose,0.9559276538676142
e1_124,Low dose,2.0915464362238434
e1_125,Low dose,2.696297435736703
e1_126,Low dose,2.469348784375217
e1_127,Low dose,2.6953051818013267
e1_128,Low dose,1.9357694911755807
e1_129,Low dose,2.1714372183863055
e1_130,Low dose,1.6810052967675733
e1_131,Low dose,3.105005181499063
e1_132,Low dose,1.2180858429205095
e1_133,Low dose,2.8197149329382256
e1_134,Low dose,2.7349333706249124
e1_135,Low dose,1.2636477941320061
e1_136,Low dose,2.2170631102226332
e1_137,Low dose,1.2467863258521077
e1_138,Low dose,2.1048263487308856
e1_139,Low dose,2.051270786425833
e1_140,Low dose,0.5884558388547625
e1_141,Low dose,1.5089091014923766
e1_142,Low dose,1.5391900741238667
e1_143,Low dose,1.0670981594647104
e1_144,Low dose,0.7624392601732389
e1_145,Low dose,1.3030541193901823
e1_146,Low dose,0.74375080165302
e1_147,Low dose,1.4812928891888066
e1_148,Low dose,1.734824213979081
e1_149,Low dose,2.1801555889598268
e2_0,High dose,4.894497883610141
e2_1,High dose,4.053782807723013
e2_2,High dose,2.742866456209256
e2_3,High dose,1.5183196828976526
e2_4,High dose,2.9531780489226165
e2_5,High dose,6.636716076922231
e2_6,High dose,1.2275127107212118
e2_7,High dose,3.718628681477732
e2_8,High dose,2.63670521026248
e2_9,High dose,3.22543585046796
e2_10,High dose,2.810898002957726
e2_11,High dose,0.7592875061577902
e2_12,High dose,2.0431975061895726
e2_13,High dose,2.0144632129046656
e2_14,High dose,4.01100328261137
e2_15,High dose,2.7009413955074897
e2_16,High dose,2.5082960236393443
e2_17,High dose,6.108952232178688
e2_18,High dose,1.8574192309470534
e2_19,High dose,1.9251588153622112
e2_20,High dose,2.3161371739496532
e2_21,High dose,4.720896690440456
e2_22,High dose,4.985091933911507
e2_23,High dose,2.1752526562669776
e2_24,High dose,3.6630332072342426
e2_25,High dose,2.345139959944558
e2_26,High dose,1.9739430790406276
e2_27,High dose,2.112365217054784
e2_28,High dose,3.333017015402617
e2_29,High dose,1.4862593564966227
e2_30,High dose,0.9769798091086533
e2_31,High dose,2.1855651499196034
e2_32,High dose,1.614315524715074
e2_33,High dose,2.3922799985659178
e2_34,High dose,3.8648951888795513
e2_35,High dose,0.7106553484582635
e2_36,High dose,2.3173208285717055
e2_37,High dose,2.537444735180805
e2_38,High dose,5.05288001315047
e2_39,High dose,1.3453817242011772
e2_40,High dose,3.358105415960937
e2_41,High dose,3.970094520602213
e2_42,High dose,1.220656522299687
e2_43,High dose,3.958751800294528
e2_44,High dose,4.250992916704252
e2_45,High dose,3.29819539925854
e2_46,High dose,1.111192335810799
e2_47,High dose,0.9337192077414989
e2_48,High dose,2.6090809312310648
e2_49,High dose,4.28668822423681
e2_50,High dose,1.0587132275464035
e2_51,High dose,3.287469520635768
e2_52,High dose,2.651128906982087
e2_53,High dose,1.5581251144147656
e2_54,High dose,1.7437885896589866
e2_55,High dose,2.8238721426284754
e2_56,High dose,1.5656562661521989
e2_57,High dose,4.165191704797518
e2_58,High dose,7.64030416483447
e2_59,High dose,1.9549967834348574
e2_60,High dose,2.818351685854097
e2_61,High dose,1.4470575254754399
e2_62,High dose,0.8081195908036174
e2_63,High dose,0.9447230720695521
e2_64,High dose,2.8613077125670427
e2_65,High dose,3.3497191556890273
e2_66,High dose,1.9392443355532525
e2_67,High dose,2.405678191121011
e2_68,High dose,2.816338318394176
e2_69,High dose,2.1842025500954967
e2_70,High dose,1.75930939770614
e2_71,High dose,1.940729980243405
e2_72,High dose,2.332242547675268
e2_73,High dose,3.7207178962839085
e2_74,High dose,2.7895995999391365
e2_75,High dose,4.358617208374479
e2_76,High dose,2.18407004935222
e2_77,High dose,3.89959711683999
e2_78,High dose,2.2709844009536977
e2_79,High dose,3.3210473903204853
e2_80,High dose,3.7262905312702883
e2_81,High dose,2.893444792907915
e2_82,High dose,3.0298207205361045
e2_83,High dose,1.7861979318936592
e2_84,High dose,3.020812228506404
e2_85,High dose,1.7071262881925247
e2_86,High dose,2.1524023121330815
e2_87,High dose,0.6161647959566505
e2_88,High dose,1.8629370825759195
e2_89,High dose,2.012246181159768
e2_90,High dose,2.5703116989387205
e2_91,High dose,2.9836155590457953
e2_92,High dose,2.8754086577913567
e2_93,High dose,1.3619500944289202
e2_94,High dose,7.692516779415963
e2_95,High dose,4.286626697485744
e2_96,High dose,4.229326179627003
e2_97,High dose,5.49593614307337
e2_98,High dose,1.578352137669225
e2_99,High dose,1.761817100175842
e2_100,High dose,4.585300202585183
e2_101,High dose,1.3787658336289355
e2_102,High dose,3.0554569048295543
e2_103,High dose,2.2649252878481114
e2_104,High dose,0.9798289502445191
e2_105,High dose,3.154073203222061
e2_106,High dose,6.184336516666883
e2_107,High dose,1.4974482532399205
e2_108,High dose,1.6463886643708423
e2_109,High dose,5.308356546439659
e2_110,High dose,1.0308819268446126
e2_111,High dose,5.853980913623987
e2_112,High dose,2.623369483522435
e2_113,High dose,2.220004519105368
e2_114,High dose,2.1953544091213453
e2_115,High dose,0.6194801472514317
e2_116,High dose,0.8211836813960993
e2_117,High dose,1.130087383715231
e2_118,High dose,3.0037410268417415
e2_119,High dose,2.5326866066313487
e2_120,High dose,1.855762943370453
e2_121,High dose,1.9203421038594068
e2_122,High dose,3.280941559456157
e2_123,High dose,1.7951753022124655
e2_124,High dose,3.8995874030422812
e2_125,High dose,0.9679039413322191
e2_126,High dose,4.677263620219928
e2_127,High dose,1.2125233132647264
e2_128,High dose,2.350051398642381
e2_129,High dose,1.7349351466959548
e2_130,High dose,1.5559763116132128
e2_131,High dose,3.4094795038473995
e2_132,High dose,4.727745193120678
e2_133,High dose,1.443160643476048
e2_134,High dose,2.0470606169677747
e2_135,High dose,1.937182189960177
e2_136,High dose,1.937691650211296
e2_137,High dose,3.3854407160639135
e2_138,High dose,5.160137912481059
e2_139,High dose,2.763113403979229
e2_140,High dose,1.3613784666743272
e2_141,High dose,3.2369565656233825
e2_142,High dose,1.8582969366615165
e2_143,High dose,1.8894737415675775
e2_144,High dose,1.0854946863034347
e2_145,High dose,2.3154901110405617
e2_146,High dose,3.159463964980787
e2_147,High dose,3.8900158797531206
e2_148,High dose,0.8622411604267882
e2_149,High dose,2.3010515919521333
