id,x,y,group,parent
cell0_0,-4.711230137151521,2.11443800352849,T cells,Immune
cell0_1,-3.1581384318925476,2.416356973385409,T cells,Immune
cell0_2,-4.666438144640804,2.078111739328514,T cells,Immune
cell0_3,-4.532944526756875,1.1035309912156392,T cells,Immune
cell0_4,-3.3366434755836845,2.0424485036577176,T cells,Immune
cell0_5,-3.735711791144436,2.042898201728786,T cells,Immune
cell0_6,-3.605283590081282,2.3195358358498734,T cells,Immune
cell0_7,-3.7944453653942496,2.105843268885521,T cells,Immune
cell0_8,-4.45946154929826,2.312025031960149,T cells,Immune
cell0_9,-2.9701320878973023,2.257585507007243,T cells,Immune
cell0_10,-3.8703958661591673,2.1030974631226558,T cells,Immune
cell0_11,-3.852511901728597,1.5815989910781227,T cells,Immune
cell0_12,-3.5778318201093366,2.097370229617105,T cells,Immune
cell0_13,-2.7205239545492192,3.2644750352957184,T cells,Immune
cell0_14,-4.162224054462136,1.8998844032366815,T cells,Immune
cell0_15,-3.3879541321252753,2.2604055303281827,T cells,Immune
cell0_16,-3.311674536951018,1.9346386514641667,T cells,Immune
cell0_17,-3.711774896377818,2.4904586188025712,T cells,Immune
cell0_18,-3.9972406122354007,2.077291758673372,T cells,Immune
cell0_19,-3.467443286299794,2.6730882093898756,T cells,Immune
cell0_20,-3.6041272734516907,2.038070017272124,T cells,Immune
cell0_21,-3.952494824704861,1.8852079876727847,T cells,Immune
cell0_22,-3.8649432647400843,2.1571622961086794,T cells,Immune
cell0_23,-5.660828261197661,1.9286362001802027,T cells,Immune
cell0_24,-4.408685529157724,1.3674373163233988,T cells,Immune
cell0_25,-4.013852762563161,1.7243528372862449,T cells,Immune
cell0_26,-4.0601790451335145,1.748401250647324,T cells,Immune
cell0_27,-3.6660568405490426,2.582135043961121,T cells,Immune
cell0_28,-6.083831825590966,1.178725396971382,T cells,Immune
cell0_29,-4.1547962845444335,1.5612758781457123,T cells,Immune
cell0_30,-4.192895644918837,1.8258515629226393,T cells,Immune
cell0_31,-3.061238362533352,1.9262356103221545,T cells,Immune
cell0_32,-4.26144429005781,2.0667384935830166,T cells,Immune
cell0_33,-3.9084022487514267,1.5157200058465141,T cells,Immune
cell0_34,-2.460898963795248,2.2400283404349084,T cells,Immune
cell0_35,-5.076917345120349,0.8503176283926206,T cells,Immune
cell0_36,-3.2968813789226283,1.662561271674245,T cells,Immune
cell0_37,-3.2239126094806703,2.162083916081678,T cells,Immune
cell0_38,-4.281029127984761,2.021628879041005,T cells,Immune
cell0_39,-4.294078599881575,2.1456809666104575,T cells,Immune
cell0_40,-3.5080654978022783,2.863915722005001,T cells,Immune
cell0_41,-3.675934313762966,2.6193188945480634,T cells,Immune
cell0_42,-4.792941518714423,0.9960306073932261,T cells,Immune
cell0_43,-4.072336023248269,1.6333723713026114,T cells,Immune
cell0_44,-3.9471056515484104,2.1987217169336546,T cells,Immune
cell0_45,-3.029797793205014,3.1534198186450135,T cells,Immune
cell0_46,-4.717917883142329,0.9546088659985377,T cells,Immune
cell0_47,-4.126303778015461,2.338551028448687,T cells,Immune
cell0_48,-3.548487216688464,1.9148908119036339,T cells,Immune
cell0_49,-3.910767189123964,1.5142333551299485,T cells,Immune
cell0_50,-3.1348947584438136,2.6427913140145325,T cells,Immune
cell0_51,-4.591999276833359,1.4087186615066098,T cells,Immune
cell0_52,-3.950066346946978,2.887945913500827,T cells,Immune
cell0_53,-4.303847637979755,1.8755836195608273,T cells,Immune
cell0_54,-4.2341963406086665,1.7364724336242976,T cells,Immune
cell0_55,-3.938343786382768,1.645718526822463,T cells,Immune
cell0_56,-3.900797089113933,1.9782993969704146,T cells,Immune
cell0_57,-4.274735963037277,2.6077206496426264,T cells,Immune
cell0_58,-3.327604419166601,1.6242551172130333,T cells,Immune
cell0_59,-4.104615756884564,1.9286861162575892,T cells,Immune
cell0_60,-2.969301773187241,3.057723620507371,T cells,Immune
cell0_61,-4.096034949200092,2.4597418182013677,T cells,Immune
cell0_62,-3.440043823252249,2.172029236297895,T cells,Immune
cell0_63,-3.7368559298463206,2.653419526730476,T cells,Immune
cell0_64,-2.3612352512585404,3.0427690259333726,T cells,Immune
cell0_65,-2.9571992733193277,2.4738136645467566,T cells,Immune
cell0_66,-4.644449701266482,1.112931932333506,T cells,Immune
cell0_67,-3.9982660483664234,2.350747870072051,T cells,Immune
cell0_68,-5.286856229680467,0.7958330332509593,T cells,Immune
cell0_69,-3.5196710208342745,2.1161283860364617,T cells,Immune
cell0_70,-4.347496863529632,1.4995383482457147,T cells,Immune
cell0_71,-4.110701940778131,2.0467575308604316,T cells,Immune
cell0_72,-3.873423303578862,2.886642063669652,T cells,Immune
cell0_73,-5.075968400309356,2.810768380904649,T cells,Immune
cell0_74,-4.159856470928307,2.2427954241045946,T cells,Immune
cell0_75,-3.9305237933913064,1.7727383804904098,T cells,Immune
cell0_76,-4.334459204565602,1.2248348169686043,T cells,Immune
cell0_77,-2.956453317608096,2.4395988600789296,T cells,Immune
cell0_78,-3.756261337925091,2.283825972416316,T cells,Immune
cell0_79,-2.8368475181222705,2.666680761574314,T cells,Immune
cell0_80,-3.8281929602137823,2.000905712009408,T cells,Immune
cell0_81,-5.019090615721745,2.0469300102322587,T cells,Immune
cell0_82,-4.40093648677645,1.1583671438926784,T cells,Immune
cell0_83,-5.490993780123642,0.9864842929486826,T cells,Immune
cell0_84,-3.852905364706308,2.5548653978133546,T cells,Immune
cell0_85,-3.8239726499338356,1.7200880319410405,T cells,Immune
cell0_86,-3.4879311825128347,2.1206713520832565,T cells,Immune
cell0_87,-3.822146109395419,1.7515475998821046,T cells,Immune
cell0_88,-4.2777600637646485,2.622861586335582,T cells,Immune
cell0_89,-3.4697922707304443,2.3644703203615305,T cells,Immune
cell0_90,-4.616373475009177,1.6661608779661643,T cells,Immune
cell0_91,-3.1829617648157345,1.5926796808506405,T cells,Immune
cell0_92,-4.3884348016052455,2.491214556563767,T cells,Immune
cell0_93,-4.932050353618747,1.4972386908731308,T cells,Immune
cell0_94,-3.9026777821658403,2.2867507490266226,T cells,Immune
cell0_95,-4.4647617067826255,1.4905389491626049,T cells,Immune
cell0_96,-4.990118615273122,1.5440720405834956,T cells,Immune
cell0_97,-4.002081700307038,1.5199802527982738,T cells,Immune
cell0_98,-2.712978453884766,2.1457319660351737,T cells,Immune
cell0_99,-3.677147059535639,1.7749090424852412,T cells,Immune
cell0_100,-4.848837352349099,2.0337122129736156,T cells,Immune
cell0_101,-4.044792476433037,2.857163028158559,T cells,Immune
cell0_102,-4.181029446329948,1.90254156027284,T cells,Immune
cell0_103,-4.452581350738639,2.0965124202129584,T cells,Immune
cell0_104,-3.421973022015178,2.1250753745424182,T cells,Immune
cell0_105,-4.20525508597863,2.232851957105134,T cells,Immune
cell0_106,-2.9625217642530064,2.2625440602735996,T cells,Immune
cell0_107,-4.015939246283367,1.8714000114326381,T cells,Immune
cell0_108,-4.550101834803984,1.5154894760818778,T cells,Immune
cell0_109,-3.588103066138967,2.5236486623413263,T cells,Immune
cell0_110,-3.859361715072788,1.850676022201178,T cells,Immune
cell0_111,-4.193857296429776,2.044731509483794,T cells,Immune
cell0_112,-3.2397403600367514,1.7740827132734955,T cells,Immune
cell0_113,-3.2669482446871823,2.66373627683131,T cells,Immune
cell0_114,-4.3017119024339205,2.0044482029789847,T cells,Immune
cell0_115,-4.107797087935068,2.0496879939354513,T cells,Immune
cell0_116,-3.866833651943888,1.8155542742647481,T cells,Immune
cell0_117,-3.279684990359982,3.199040015567279,T cells,Immune
cell0_118,-3.103187654422014,2.680240405052499,T cells,Immune
cell0_119,-4.203060689422656,1.4558499555514413,T cells,Immune
cell0_120,-3.4350554667368725,2.5456906712725744,T cells,Immune
cell0_121,-3.7083335021574766,1.7379160640768219,T cells,Immune
cell0_122,-4.247467710392339,2.011551701640638,T cells,Immune
cell0_123,-4.195258637112831,1.8724326930414705,T cells,Immune
cell0_124,-3.2628452886132377,2.3368183075239073,T cells,Immune
cell0_125,-4.702351990996835,1.7398572241056112,T cells,Immune
cell0_126,-5.351385731696392,2.0267658791281282,T cells,Immune
cell0_127,-3.8727312551878152,2.3418030941155976,T cells,Immune
cell0_128,-5.216023455344625,1.3806760874754604,T cells,Immune
cell0_129,-3.4102483274030364,1.0535041447713611,T cells,Immune
cell0_130,-4.450502637590239,0.9768209936239887,T cells,Immune
cell0_131,-4.106967299924593,2.1333908091091427,T cells,Immune
cell0_132,-4.9311200213333555,2.068562127731185,T cells,Immune
cell0_133,-3.107465645363366,2.6465969689215476,T cells,Immune
cell0_134,-4.62523992416947,2.241953529952874,T cells,Immune
cell0_135,-3.2980647461459385,1.9863257702682549,T cells,Immune
cell0_136,-3.635000290996479,2.011794549179588,T cells,Immune
cell0_137,-2.8700631202018156,3.0761747740337277,T cells,Immune
cell0_138,-4.6075701212699745,1.7215556471621278,T cells,Immune
cell0_139,-3.454679682597983,2.0352869949920485,T cells,Immune
cell0_140,-3.3539993912805497,3.084014595994845,T cells,Immune
cell0_141,-3.904372325281421,1.16973094928419,T cells,Immune
cell0_142,-3.9936533595875523,2.9389357929171958,T cells,Immune
cell0_143,-3.7258204632829224,1.6938990166587098,T cells,Immune
cell0_144,-3.845347746755524,1.4894046496383502,T cells,Immune
cell0_145,-4.225516468470033,2.1340958477273726,T cells,Immune
cell0_146,-3.5821394247371208,1.631585075361408,T cells,Immune
cell0_147,-3.9696889563916984,1.5827434483856504,T cells,Immune
cell0_148,-4.889016585178201,2.125516410623556,T cells,Immune
cell0_149,-4.522866321850318,1.3591621548308312,T cells,Immune
cell0_150,-4.77801960459902,0.8043139427906048,T cells,Immune
cell0_151,-2.870643417690748,3.3712386345485292,T cells,Immune
cell0_152,-3.686835122180481,2.2338106146938483,T cells,Immune
cell0_153,-3.618710437209687,2.307302337447332,T cells,Immune
cell0_154,-3.0945090970866964,2.313165818733942,T cells,Immune
cell0_155,-4.975011712555895,0.948450180088082,T cells,Immune
cell0_156,-5.505642182381299,1.4534308839511907,T cells,Immune
cell0_157,-4.632729308203815,1.704789650143622,T cells,Immune
cell0_158,-4.927353824729675,1.413585315338316,T cells,Immune
cell0_159,-3.0909052810938795,2.4028154873870577,T cells,Immune
cell0_160,-4.178316890490139,2.342811135043311,T cells,Immune
cell0_161,-5.055526256266416,2.080670322837189,T cells,Immune
cell0_162,-4.338558127041656,1.5432817557580858,T cells,Immune
cell0_163,-4.419271931133097,2.104667665314475,T cells,Immune
cell0_164,-3.98601309533722,2.0073007515141486,T cells,Immune
cell0_165,-4.069700833002055,1.8148061745887076,T cells,Immune
cell0_166,-4.4154546949242865,1.3004828636370611,T cells,Immune
cell0_167,-4.689749729970303,1.6976497328280395,T cells,Immune
cell0_168,-4.237047398191198,2.2514828428228864,T cells,Immune
cell0_169,-4.220017017287116,1.8350784584073154,T cells,Immune
cell0_170,-3.5019456342055597,2.103003689908863,T cells,Immune
cell0_171,-2.9879540108516416,2.7713734274017074,T cells,Immune
cell0_172,-4.3247599722134344,1.6583524412929511,T cells,Immune
cell0_173,-4.126406222695462,1.7136450979432347,T cells,Immune
cell0_174,-5.082485171853197,2.0508837902391965,T cells,Immune
cell0_175,-4.570813795203606,1.7060566652557574,T cells,Immune
cell0_176,-5.462832256065471,1.5098662969198178,T cells,Immune
cell0_177,-4.348249171775233,1.886585051126963,T cells,Immune
cell0_178,-4.673048457440069,1.1599628516800542,T cells,Immune
cell0_179,-4.633095914516017,1.9947954425055399,T cells,Immune
cell0_180,-4.438776143030499,2.270028539936906,T cells,Immune
cell0_181,-3.790702932511233,2.2000154647256687,T cells,Immune
cell0_182,-3.957375136044531,2.5322288890670013,T cells,Immune
cell0_183,-5.0696936819048934,1.2479803000286518,T cells,Immune
cell0_184,-4.454876417457987,2.2626550049096275,T cells,Immune
cell0_185,-4.860566453938112,1.7026450384842844,T cells,Immune
cell0_186,-3.4817347855054814,2.5748804609065647,T cells,Immune
cell0_187,-4.412394528708346,2.209066655770616,T cells,Immune
cell0_188,-3.1215249778184133,2.170415938031886,T cells,Immune
cell0_189,-2.834472596330544,2.821944864680842,T cells,Immune
cell0_190,-3.8886524447031214,2.1435646377755946,T cells,Immune
cell0_191,-4.172346195673157,1.6969908991354716,T cells,Immune
cell0_192,-3.884689520636377,2.1332092835884295,T cells,Immune
cell0_193,-4.34797672209617,2.5217233659408786,T cells,Immune
cell0_194,-3.852525131768551,2.4779650461124705,T cells,Immune
cell0_195,-3.154795495319661,1.9645892789330461,T cells,Immune
cell0_196,-3.4056782607055243,2.478458012531156,T cells,Immune
cell0_197,-4.737831666647562,2.3478840723930032,T cells,Immune
cell0_198,-3.6568340038889406,2.1765568068098062,T cells,Immune
cell0_199,-2.9282543728340222,2.18744128248117,T cells,Immune
cell0_200,-3.6844039880630195,1.9446355402875444,T cells,Immune
cell0_201,-3.3319865198418603,2.0724895083941144,T cells,Immune
cell0_202,-3.7646993716738706,2.4827931563838908,T cells,Immune
cell0_203,-4.894369310954263,1.3449699016751366,T cells,Immune
cell0_204,-4.1739987104081795,2.1860962998433218,T cells,Immune
cell0_205,-4.410777475371024,1.5853993082055664,T cells,Immune
cell0_206,-3.371071692299022,3.5039065871429718,T cells,Immune
cell0_207,-4.0050434747398596,1.2579252715966702,T cells,Immune
cell0_208,-4.339793851365689,2.7220621257897246,T cells,Immune
cell0_209,-4.398557853791654,1.796042501879267,T cells,Immune
cell0_210,-4.302303257682983,2.23754037624318,T cells,Immune
cell0_211,-4.226567356971316,1.5255366801591896,T cells,Immune
cell0_212,-4.393479939235581,1.8515060248730386,T cells,Immune
cell0_213,-4.657442694868644,1.850811430677259,T cells,Immune
cell0_214,-3.893353538912905,2.067942744963742,T cells,Immune
cell0_215,-4.221683876487963,1.628955539759058,T cells,Immune
cell0_216,-3.940700584636571,1.5145637109406676,T cells,Immune
cell0_217,-3.7833031742011567,1.551382326053334,T cells,Immune
cell0_218,-3.364769919420345,2.7962399803612223,T cells,Immune
cell0_219,-3.666812681008273,1.9803410142335411,T cells,Immune
cell0_220,-4.122807279468738,1.9003147241941778,T cells,Immune
cell0_221,-3.506918072655439,2.3624516838134655,T cells,Immune
cell0_222,-3.7834126692651324,2.0641567535684735,T cells,Immune
cell0_223,-4.479532009574688,1.8871785696684351,T cells,Immune
cell0_224,-2.982732030879119,1.768581443420472,T cells,Immune
cell0_225,-3.987333130257731,1.0055297955681395,T cells,Immune
cell0_226,-3.7744806740382364,1.9071819711677909,T cells,Immune
cell0_227,-4.311242097963556,2.5591025948132824,T cells,Immune
cell0_228,-3.7307358211469337,1.8702470839630772,T cells,Immune
cell0_229,-3.4938436701352584,1.9324447614673308,T cells,Immune
cell0_230,-3.6388712092339133,2.8646241686861393,T cells,Immune
cell0_231,-3.0172014316091826,2.208629126701208,T cells,Immune
cell0_232,-4.677107457855724,1.4696000174146457,T cells,Immune
cell0_233,-3.335722412936875,1.7199257749025876,T cells,Immune
cell0_234,-3.5959896775454196,2.231143519442548,T cells,Immune
cell0_235,-5.045577175041629,1.6348131987165773,T cells,Immune
cell0_236,-4.23900585519041,2.367507041551934,T cells,Immune
cell0_237,-3.6447781889850974,2.017545780035903,T cells,Immune
cell0_238,-3.5022518984175224,2.5823048138892792,T cells,Immune
cell0_239,-2.5534067816192634,2.1587597991340353,T cells,Immune
cell0_240,-4.646487142310732,1.500021621002336,T cells,Immune
cell0_241,-4.434322857526407,2.0417848302516703,T cells,Immune
cell0_242,-3.497804288069671,2.368793099839841,T cells,Immune
cell0_243,-4.769337257764395,1.541573768985686,T cells,Immune
cell0_244,-3.7506018930656664,2.217199083076863,T cells,Immune
cell0_245,-4.058889577747125,2.264931192883987,T cells,Immune
cell0_246,-3.7689745833257255,2.009802269702255,T cells,Immune
cell0_247,-3.9011694182418784,1.880980748716889,T cells,Immune
cell0_248,-3.8895585488799167,2.1818096069330015,T cells,Immune
cell0_249,-4.819540145688807,1.5595941709054741,T cells,Immune
cell0_250,-4.103414314286028,1.7555550043660653,T cells,Immune
cell0_251,-4.058248139632416,2.291214532552068,T cells,Immune
cell0_252,-3.43308350001659,1.8978096334001382,T cells,Immune
cell0_253,-4.194433604686527,1.7411094706955508,T cells,Immune
cell0_254,-3.9953744570571046,3.165211668461332,T cells,Immune
cell0_255,-4.214415480660295,1.2059014281246565,T cells,Immune
cell0_256,-3.869706048388468,2.2323361889969267,T cells,Immune
cell0_257,-4.190096108409723,1.9405353003825083,T cells,Immune
cell0_258,-3.447232935131261,2.5858792756664664,T cells,Immune
cell0_259,-5.53094914555828,0.863914861590616,T cells,Immune
cell1_0,-3.014439318994544,3.110188754629501,B cells,Immune
cell1_1,-1.6433924174663483,4.027459292267845,B cells,Immune
cell1_2,-2.706742948399057,4.192958739208655,B cells,Immune
cell1_3,-1.9261428090054244,3.4761632406391345,B cells,Immune
cell1_4,-1.5651446141755148,4.678046360011168,B cells,Immune
cell1_5,-2.0020347000912904,3.994228543356829,B cells,Immune
cell1_6,-2.0481133466142376,3.6589451271058437,B cells,Immune
cell1_7,-2.755127988101754,3.2428688445736227,B cells,Immune
cell1_8,-2.69475732657296,3.0780764021287377,B cells,Immune
cell1_9,-1.7648683114529748,3.8850444884310695,B cells,Immune
cell1_10,-2.87776121197351,3.9927079037393094,B cells,Immune
cell1_11,-1.9003041264608336,4.425894188461042,B cells,Immune
cell1_12,-2.608890019183406,3.953328566330765,B cells,Immune
cell1_13,-0.980726416288694,4.155382552250395,B cells,Immune
cell1_14,-2.468963680656424,3.862260188606281,B cells,Immune
cell1_15,-2.208701096091052,4.295932507377936,B cells,Immune
cell1_16,-2.2888766114004166,3.893112886226365,B cells,Immune
cell1_17,-1.4239664322758139,4.441543085827256,B cells,Immune
cell1_18,-2.4462146073399165,3.664886479323229,B cells,Immune
cell1_19,-0.7875447311717831,4.780027950530585,B cells,Immune
cell1_20,-2.6027890803313882,3.8608173114322493,B cells,Immune
cell1_21,-2.8874220305108906,3.5776496386211867,B cells,Immune
cell1_22,-1.6380009794294046,3.738425426916959,B cells,Immune
cell1_23,-0.8922757866582673,4.385641616861525,B cells,Immune
cell1_24,-1.5135889503931512,3.0844792800466765,B cells,Immune
cell1_25,-2.3012119835496123,4.130845264028708,B cells,Immune
cell1_26,-2.4918110424048145,4.239147167471621,B cells,Immune
cell1_27,-2.2536043187063535,4.814860062458296,B cells,Immune
cell1_28,-2.0560222895365343,3.7225334075990455,B cells,Immune
cell1_29,-1.9012537056272676,3.7714644162795095,B cells,Immune
cell1_30,-2.452545149841276,3.918792673699449,B cells,Immune
cell1_31,-1.533986057367852,4.589428045083123,B cells,Immune
cell1_32,-2.6996226862855393,3.062572507690536,B cells,Immune
cell1_33,-2.000751640129002,4.68113264771266,B cells,Immune
cell1_34,-1.38607343509459,4.6438818621486835,B cells,Immune
cell1_35,-2.4073064196403555,3.5014154674750735,B cells,Immune
cell1_36,-1.986718636628586,3.8464280968905715,B cells,Immune
cell1_37,-2.180070805979195,4.461864376513373,B cells,Immune
cell1_38,-2.528517624490681,3.0189065910631623,B cells,Immune
cell1_39,-2.0883914191519626,3.482995787765337,B cells,Immune
cell1_40,-0.783127450017715,4.755322596419688,B cells,Immune
cell1_41,-2.2179336496728927,4.52539125008828,B cells,Immune
cell1_42,-2.003400181473847,4.390552038285061,B cells,Immune
cell1_43,-2.332685006335433,4.118027660918081,B cells,Immune
cell1_44,-1.8748227671443942,4.3852116349695915,B cells,Immune
cell1_45,-2.032154692581026,4.815919000741506,B cells,Immune
cell1_46,-1.403201318048069,3.89968450629256,B cells,Immune
cell1_47,-1.6876453138065464,3.8655314165583428,B cells,Immune
cell1_48,-1.9902845427867852,4.422399505255553,B cells,Immune
cell1_49,-1.7514450118923226,3.6303184568759583,B cells,Immune
cell1_50,-1.2959348097524703,4.409415418489527,B cells,Immune
cell1_51,-3.0325208813528883,3.3250391668689803,B cells,Immune
cell1_52,-1.2869244217772584,4.564824230175203,B cells,Immune
cell1_53,-0.9445237851092103,3.7279595255547604,B cells,Immune
cell1_54,-2.573897144639786,2.9377566302683458,B cells,Immune
cell1_55,-1.6266383986973114,4.437730993060908,B cells,Immune
cell1_56,-1.9446204751552167,4.115715281019735,B cells,Immune
cell1_57,-1.4214430496244868,5.035580603385103,B cells,Immune
cell1_58,-1.7016530990310854,3.775935705710972,B cells,Immune
cell1_59,-1.9302951837631621,4.14271274606,B cells,Immune
cell1_60,-2.2305242988534477,4.305323975084631,B cells,Immune
cell1_61,-1.5369088295374695,3.6981109455486703,B cells,Immune
cell1_62,-1.4666696732058315,4.876095119361041,B cells,Immune
cell1_63,-1.051699318366735,4.595576222874582,B cells,Immune
cell1_64,-1.43364941023232,4.185173967527405,B cells,Immune
cell1_65,-2.284887835212869,3.8555905216943676,B cells,Immune
cell1_66,-2.0568589806339808,3.2867450310812023,B cells,Immune
cell1_67,-2.475776179698677,3.021541126813127,B cells,Immune
cell1_68,-2.689880579355223,3.7744208749465957,B cells,Immune
cell1_69,-2.0698874865886596,4.144016579281189,B cells,Immune
cell1_70,-1.480452185338088,3.544037511054408,B cells,Immune
cell1_71,-2.407158825570128,3.670450793394914,B cells,Immune
cell1_72,-1.528749108107405,4.907494815177527,B cells,Immune
cell1_73,-2.0944863446311266,4.540965558201948,B cells,Immune
cell1_74,-2.380051543066929,4.4389064771846165,B cells,Immune
cell1_75,-1.7614256682683702,3.9705831075483795,B cells,Immune
cell1_76,-1.0651448926471463,3.5868588369994145,B cells,Immune
cell1_77,-0.8485502719581239,4.6769050291020635,B cells,Immune
cell1_78,-2.0935058760954988,3.8367507782900994,B cells,Immune
cell1_79,-2.7684689763268953,3.2126765522178484,B cells,Immune
cell1_80,-1.9964772621906617,4.07659660591056,B cells,Immune
cell1_81,-0.164984392948887,4.466811901827725,B cells,Immune
cell1_82,-2.7517030997168694,3.8538007019739435,B cells,Immune
cell1_83,-1.8084274698659584,4.34682484664465,B cells,Immune
cell1_84,-1.6746464505150556,4.119378643361248,B cells,Immune
cell1_85,-0.9397852876288637,4.891506664050258,B cells,Immune
cell1_86,-1.9223156460842707,4.1006943226745705,B cells,Immune
cell1_87,-3.449655579170552,4.471752846107358,B cells,Immune
cell1_88,-2.7587356351995123,3.3637536911153925,B cells,Immune
cell1_89,-2.878109973581204,3.588169550705336,B cells,Immune
cell1_90,-2.405438854633205,3.7069336740525065,B cells,Immune
cell1_91,-2.7279328698182415,4.014790048582629,B cells,Immune
cell1_92,-2.445685962370968,3.933817353735311,B cells,Immune
cell1_93,-2.380315122722807,4.058995950142925,B cells,Immune
cell1_94,-2.5973541444869905,3.1668792843511118,B cells,Immune
cell1_95,-1.6344297275701483,4.0962334015922055,B cells,Immune
cell1_96,-0.7713877724309808,4.755307918701975,B cells,Immune
cell1_97,-2.3800539498301707,4.184634387371837,B cells,Immune
cell1_98,-2.558176390464602,3.7226226300318475,B cells,Immune
cell1_99,-1.4419394501742797,4.697129172474778,B cells,Immune
cell1_100,-1.7962861617358965,3.818204639707048,B cells,Immune
cell1_101,-2.4831516454734985,3.8651158762841855,B cells,Immune
cell1_102,-1.565670019193488,4.769773071042293,B cells,Immune
cell1_103,-1.6667893825728748,3.9015991117535096,B cells,Immune
cell1_104,-1.244706283814188,4.015434640010144,B cells,Immune
cell1_105,-1.5248176643274092,4.121172228425021,B cells,Immune
cell1_106,-2.83918867601737,3.9199026207277967,B cells,Immune
cell1_107,-2.5927978509787457,4.364214701232938,B cells,Immune
cell1_108,-2.648251248009985,3.7865499073395292,B cells,Immune
cell1_109,-1.0823702710088372,4.882522830815976,B cells,Immune
cell1_110,-2.629104315690811,3.7836642408909626,B cells,Immune
cell1_111,-3.236626258598169,3.8937694344649874,B cells,Immune
cell1_112,-2.3903521958738483,4.812988262022535,B cells,Immune
cell1_113,-2.2784651192683545,3.749357899832106,B cells,Immune
cell1_114,-2.708551848501761,4.315800903442006,B cells,Immune
cell1_115,-2.359518193605549,4.135808797978752,B cells,Immune
cell1_116,-2.8661770310347383,3.7345756453173493,B cells,Immune
cell1_117,-1.942610726163106,4.348957788946765,B cells,Immune
cell1_118,-2.165407614842426,4.0333826492187015,B cells,Immune
cell1_119,-1.7460653497674183,3.8338270565201817,B cells,Immune
cell1_120,-2.162924111004742,3.861216252466472,B cells,Immune
cell1_121,-1.8698726684508067,4.024505300941609,B cells,Immune
cell1_122,-2.266612863080016,4.721374488152284,B cells,Immune
cell1_123,-1.994357771869778,3.494183344036583,B cells,Immune
cell1_124,-2.0912961352863704,4.3513935123690795,B cells,Immune
cell1_125,-1.2600211685928118,3.6906622024711178,B cells,Immune
cell1_126,-1.3755331209487371,2.946282561988486,B cells,Immune
cell1_127,-1.557022908487433,4.64872258282044,B cells,Immune
cell1_128,-1.4725211424420075,4.6060115960795365,B cells,Immune
cell1_129,-1.736850818972898,3.92867881985514,B cells,Immune
cell1_130,-2.5555939763451803,3.271540101835778,B cells,Immune
cell1_131,-1.959370677940088,3.234486506482397,B cells,Immune
cell1_132,-1.6502498289335334,3.3313522524134003,B cells,Immune
cell1_133,-1.9158745098891483,3.869462993387317,B cells,Immune
cell1_134,-2.638410176971368,4.23444007807052,B cells,Immune
cell1_135,-2.594357704544023,3.3263380307657657,B cells,Immune
cell1_136,-1.967567438924327,3.9557024125930744,B cells,Immune
cell1_137,-2.375815849227152,3.714920203276419,B cells,Immune
cell1_138,-1.8445199704513824,3.2682333007666213,B cells,Immune
cell1_139,-0.6604677165305113,4.923716643065515,B cells,Immune
cell1_140,-1.6020217812577469,4.802536275191905,B cells,Immune
cell1_141,-1.2509613718082964,4.355330308923891,B cells,Immune
cell1_142,-2.667359752987868,4.085925157312674,B cells,Immune
cell1_143,-1.0920713960907835,4.756813024770603,B cells,Immune
cell1_144,-0.764579267460711,4.047659820981617,B cells,Immune
cell1_145,-2.55296165031713,3.4888657128820673,B cells,Immune
cell1_146,-0.8102364294367694,4.36280672550071,B cells,Immune
cell1_147,-1.1824148520353441,4.3771687143998514,B cells,Immune
cell1_148,-1.7932280609816422,4.971780067717082,B cells,Immune
cell1_149,-1.6025536787478019,4.1792873335503264,B cells,Immune
cell1_150,-2.1366913908813876,4.343980532080101,B cells,Immune
cell1_151,-2.2860713096242664,4.133196068331256,B cells,Immune
cell1_152,-1.5322617651515262,4.628852631586433,B cells,Immune
cell1_153,-2.0732072896913833,4.404074676364571,B cells,Immune
cell1_154,-1.9287272508774433,3.8118160562778165,B cells,Immune
cell1_155,-1.411419954479566,4.699106327575153,B cells,Immune
cell1_156,-2.7942391268055813,3.31451252065063,B cells,Immune
cell1_157,-1.612106995118761,4.16345497043936,B cells,Immune
cell1_158,-3.5238306603830836,3.3749307075269726,B cells,Immune
cell1_159,-2.8016376202291307,4.040919000846857,B cells,Immune
cell1_160,-1.8210466069842892,4.853098270470938,B cells,Immune
cell1_161,-2.366593432527647,3.2803300246058025,B cells,Immune
cell1_162,-3.3610434472416966,3.5793387211555925,B cells,Immune
cell1_163,-1.7049968935571416,4.126942662641705,B cells,Immune
cell1_164,-2.3283592925449814,4.047749475915368,B cells,Immune
cell1_165,-1.619597284028835,3.911781990136945,B cells,Immune
cell1_166,-2.0926828287233077,4.039135953851742,B cells,Immune
cell1_167,-1.3833950542994766,3.4568086547081442,B cells,Immune
cell1_168,-1.256963165248067,4.0806958223019345,B cells,Immune
cell1_169,-1.100083003938657,4.575056534248174,B cells,Immune
cell1_170,-2.2914203722147417,3.3094975574803227,B cells,Immune
cell1_171,-2.4351053348973397,4.156780122214374,B cells,Immune
cell1_172,-3.2377588915782525,2.3687882677643253,B cells,Immune
cell1_173,-1.342906180807829,4.1251199243808,B cells,Immune
cell1_174,-1.2171238382414904,3.487660704343079,B cells,Immune
cell1_175,-2.0164127357265724,3.4287642050635334,B cells,Immune
cell1_176,-2.4506266918554305,4.164486783590305,B cells,Immune
cell1_177,-2.143027561985638,4.034466398899336,B cells,Immune
cell1_178,-1.7400193268334918,4.176737807665542,B cells,Immune
cell1_179,-1.8012266983965581,4.222036723763069,B cells,Immune
cell1_180,-2.7854451075204807,3.587042814554101,B cells,Immune
cell1_181,-1.9595691735027487,3.3727016752027135,B cells,Immune
cell1_182,-0.7071178932138038,4.928724433374191,B cells,Immune
cell1_183,-2.741137921243369,3.7132713930169503,B cells,Immune
cell1_184,-1.0522288392279586,4.493841711310734,B cells,Immune
cell1_185,-2.148989196479056,4.030128597940003,B cells,Immune
cell1_186,-1.2036379506933308,3.9130395251363406,B cells,Immune
cell1_187,-1.017571773738304,4.309803482628553,B cells,Immune
cell1_188,-1.0842957134523359,4.478127325285037,B cells,Immune
cell1_189,-0.9358983167345853,4.63635620795481,B cells,Immune
cell1_190,-1.9749249613299948,4.302413931982863,B cells,Immune
cell1_191,-2.8188722515057383,3.0034269126263027,B cells,Immune
cell1_192,-2.072502310459724,4.002516597025908,B cells,Immune
cell1_193,-2.4814734056160748,4.234941550448222,B cells,Immune
cell1_194,-1.2735863876357953,3.95916364416662,B cells,Immune
cell1_195,-2.667208894887477,3.337025156851499,B cells,Immune
cell1_196,-1.9332019447082254,3.535607826487073,B cells,Immune
cell1_197,-1.2518207626654914,3.9395365248858885,B cells,Immune
cell1_198,-1.7349379104395177,3.512464176426934,B cells,Immune
cell1_199,-3.583577282015667,3.5551615028606287,B cells,Immune
cell1_200,-2.403182803069394,4.075030007408134,B cells,Immune
cell1_201,-1.4316283722863936,4.37642575058753,B cells,Immune
cell1_202,-1.6662043126429278,4.844149023230828,B cells,Immune
cell1_203,-2.715118766042277,4.155120098562079,B cells,Immune
cell1_204,-1.198043219386208,4.029993215664155,B cells,Immune
cell1_205,-1.7924900475836067,3.7734714525743516,B cells,Immune
cell1_206,-2.202938462980857,3.9811581749402056,B cells,Immune
cell1_207,-2.1460366749682014,3.171415583941058,B cells,Immune
cell1_208,-2.088673582179134,3.2898452821219397,B cells,Immune
cell1_209,-1.5787516024236081,4.352962301446079,B cells,Immune
cell1_210,-1.879413076287241,4.20082155623611,B cells,Immune
cell1_211,-2.06805926486039,3.592038335641824,B cells,Immune
cell1_212,-2.7796736962214688,3.580010652187575,B cells,Immune
cell1_213,-2.4665973467881415,4.344395793496037,B cells,Immune
cell1_214,-1.609958126436298,3.703986211940803,B cells,Immune
cell1_215,-1.6887587130722046,4.587948832065786,B cells,Immune
cell1_216,-2.3370532523616854,3.71236232302478,B cells,Immune
cell1_217,-1.2496634107690605,4.624916470242251,B cells,Immune
cell1_218,-2.3134602326713067,3.505178229227999,B cells,Immune
cell1_219,-2.428418005073568,3.204430855340541,B cells,Immune
cell1_220,-1.5159147490311788,4.032102757037628,B cells,Immune
cell1_221,-1.254835761869309,3.73960607359594,B cells,Immune
cell1_222,-1.6686034210431788,5.104550226867113,B cells,Immune
cell1_223,-2.0997753011136546,3.937558042261721,B cells,Immune
cell1_224,-2.289458864023906,4.049763927184047,B cells,Immune
cell1_225,-2.1875749892330973,3.4548313352836737,B cells,Immune
cell1_226,-1.4240413035914579,4.4085914915125475,B cells,Immune
cell1_227,-0.898198486827501,5.27901746646107,B cells,Immune
cell1_228,-3.4209154231912065,2.6857898973872594,B cells,Immune
cell1_229,-2.7808027664443484,4.0848795981858474,B cells,Immune
cell1_230,-1.8857905766833747,4.350795588749568,B cells,Immune
cell1_231,-2.5376038353401995,3.569481828123907,B cells,Immune
cell1_232,-1.8821626376729788,4.832853013122188,B cells,Immune
cell1_233,-1.5218921244923196,4.320026696165164,B cells,Immune
cell1_234,-1.2709097901336088,4.848055653320538,B cells,Immune
cell1_235,-1.5621629760223694,3.2581484675721395,B cells,Immune
cell1_236,-1.7339916565613103,4.606328642707095,B cells,Immune
cell1_237,-2.3247593473291834,3.666390038575265,B cells,Immune
cell1_238,-1.5109941491049947,4.190923610985307,B cells,Immune
cell1_239,-1.9241655312205161,3.515783092102363,B cells,Immune
cell1_240,-2.84011280937695,3.656743914093954,B cells,Immune
cell1_241,-1.6205929917157689,4.606966644808674,B cells,Immune
cell1_242,-1.4242786928953008,4.395904626964464,B cells,Immune
cell1_243,-1.3900606242672162,5.065230094702446,B cells,Immune
cell1_244,-1.1497581132801726,4.673639820491504,B cells,Immune
cell1_245,-1.8728581748825626,4.093089234875988,B cells,Immune
cell1_246,-1.5222344088753337,3.95528550730757,B cells,Immune
cell1_247,-3.912955812766761,3.4495632737479798,B cells,Immune
cell1_248,-1.6438188514740986,3.586116690997884,B cells,Immune
cell1_249,-0.6833540388882753,4.417187688565266,B cells,Immune
cell1_250,-1.6841796811535485,4.2346192552504105,B cells,Immune
cell1_251,-1.088656388536679,4.928007579612748,B cells,Immune
cell1_252,-1.7447118248539335,3.760200012989992,B cells,Immune
cell1_253,-3.4356453919556733,4.327486957963582,B cells,Immune
cell1_254,-2.4711784036832003,3.8154061211737478,B cells,Immune
cell1_255,-2.3161362231970912,4.172329566103631,B cells,Immune
cell1_256,-2.598787292072378,3.373012144670874,B cells,Immune
cell1_257,-2.7932013190353504,3.937976163256532,B cells,Immune
cell1_258,-1.1097824501584266,4.218396703554396,B cells,Immune
cell1_259,-2.71827600892975,3.791675146481153,B cells,Immune
cell2_0,0.9191000961568259,1.1429062333146978,Myeloid,Immune
cell2_1,0.5727684633550608,0.33893112404186165,Myeloid,Immune
cell2_2,0.24041794011926132,1.050442478694869,Myeloid,Immune
cell2_3,0.605101986716566,1.3406188242345625,Myeloid,Immune
cell2_4,0.00760415264412768,1.4602328905830266,Myeloid,Immune
cell2_5,-0.2623698739348694,1.0889312806445235,Myeloid,Immune
cell2_6,-0.05113728268848352,1.3689632331642123,Myeloid,Immune
cell2_7,1.3949446713342808,0.7922260123105157,Myeloid,Immune
cell2_8,0.5176817789896845,0.9918806669472462,Myeloid,Immune
cell2_9,-0.01927196448469435,1.2683058715643218,Myeloid,Immune
cell2_10,-0.35347642321863215,0.9841322392732156,Myeloid,Immune
cell2_11,-1.702519725133028,-0.3645266327736296,Myeloid,Immune
cell2_12,-0.2393691768026282,1.3577151550856181,Myeloid,Immune
cell2_13,0.797830830317858,0.9958746286183863,Myeloid,Immune
cell2_14,0.8165218075507068,0.8454378719587543,Myeloid,Immune
cell2_15,0.6209253148062968,0.9887740212955597,Myeloid,Immune
cell2_16,-0.021571244834391,1.1675931734199234,Myeloid,Immune
cell2_17,0.7105181376745172,1.3940403677252895,Myeloid,Immune
cell2_18,0.4192926602655885,1.1554594481827554,Myeloid,Immune
cell2_19,0.4187087680051694,1.301784460334463,Myeloid,Immune
cell2_20,0.05887808095951364,1.8301872472043694,Myeloid,Immune
cell2_21,-0.21054423640999853,-0.13180112688880374,Myeloid,Immune
cell2_22,0.4139083971181577,1.0042043349946002,Myeloid,Immune
cell2_23,0.15133041634274919,0.7191169574661392,Myeloid,Immune
cell2_24,-1.1071579974094046,0.6527734674783562,Myeloid,Immune
cell2_25,-0.09084586381169933,1.523381553534352,Myeloid,Immune
cell2_26,1.3114820244675238,1.7869020047288715,Myeloid,Immune
cell2_27,-0.0485703463841267,1.338244676431271,Myeloid,Immune
cell2_28,0.1082655375667986,1.395219082476919,Myeloid,Immune
cell2_29,-0.20035865737754485,0.44480479075049617,Myeloid,Immune
cell2_30,0.2899644346929971,0.7387454664738333,Myeloid,Immune
cell2_31,-0.15140986827026706,1.7918282132819883,Myeloid,Immune
cell2_32,-0.01400385849203794,0.8803947576606052,Myeloid,Immune
cell2_33,0.12486714185633672,1.1345805523584123,Myeloid,Immune
cell2_34,-0.5548249526108606,0.519271484805456,Myeloid,Immune
cell2_35,1.0492047888488238,0.9197986640521509,Myeloid,Immune
cell2_36,-0.4806783267315535,0.9799852195085643,Myeloid,Immune
cell2_37,0.9834800581194932,0.7285352297633929,Myeloid,Immune
cell2_38,-0.004171346121106963,0.8319115694281759,Myeloid,Immune
cell2_39,0.1571645479058438,0.9745708738300295,Myeloid,Immune
cell2_40,0.8687860551000014,0.7950618579812839,Myeloid,Immune
cell2_41,0.7245839403693265,1.5029412512446343,Myeloid,Immune
cell2_42,0.39782033188232685,0.9910756221798397,Myeloid,Immune
cell2_43,-0.4841325254440178,0.3337573046999903,Myeloid,Immune
cell2_44,-1.277196837189608,1.1725711037986024,Myeloid,Immune
cell2_45,0.42126765475124667,1.3876536354318927,Myeloid,Immune
cell2_46,0.4808655074296801,1.9718674130818958,Myeloid,Immune
cell2_47,-1.5037499248866577,1.0461759432963174,Myeloid,Immune
cell2_48,-0.32741239816028955,0.44592588597931626,Myeloid,Immune
cell2_49,-0.9989486131257683,1.1638304801039572,Myeloid,Immune
cell2_50,0.06458652494971732,0.4539617954254761,Myeloid,Immune
cell2_51,-0.3316113853958565,0.32486666141289333,Myeloid,Immune
cell2_52,-0.6147796411187048,0.939215852400294,Myeloid,Immune
cell2_53,0.0880374581713327,1.1219759715233066,Myeloid,Immune
cell2_54,0.16150092936551405,0.42035635790458536,Myeloid,Immune
cell2_55,-0.5497017820266953,0.9762372258398917,Myeloid,Immune
cell2_56,0.38548849011980146,0.6730738295529792,Myeloid,Immune
cell2_57,-1.0816701034583578,0.26791016616286856,Myeloid,Immune
cell2_58,-0.1945806250410719,0.757669079409916,Myeloid,Immune
cell2_59,-0.7788195816960887,0.6080311575734678,Myeloid,Immune
cell2_60,0.9574968841873193,0.6589696196360046,Myeloid,Immune
cell2_61,0.5676032608131819,1.1227650386619674,Myeloid,Immune
cell2_62,-0.20269750351506313,0.8272872990757721,Myeloid,Immune
cell2_63,-1.0977219876436457,0.4238120756918492,Myeloid,Immune
cell2_64,1.4680034234425114,1.5864215224439404,Myeloid,Immune
cell2_65,0.15829547870650118,0.8865565687335616,Myeloid,Immune
cell2_66,0.015294835315818418,0.9307521235972137,Myeloid,Immune
cell2_67,0.1616228917868973,0.9313274278225887,Myeloid,Immune
cell2_68,-0.14024568093500797,1.0751026777742498,Myeloid,Immune
cell2_69,0.7246719613131575,0.9000520346301589,Myeloid,Immune
cell2_70,-0.4067302184420501,0.7366018307865183,Myeloid,Immune
cell2_71,-0.6833104271449904,0.6246670883807371,Myeloid,Immune
cell2_72,0.7256884675156249,1.6139701109271862,Myeloid,Immune
cell2_73,0.48367099805961994,1.4731578248783483,Myeloid,Immune
cell2_74,-1.0816137004431152,1.2229297713459104,Myeloid,Immune
cell2_75,-0.39468313938458655,1.0635176937665227,Myeloid,Immune
cell2_76,-1.140492333934385,0.40127349455188654,Myeloid,Immune
cell2_77,0.08790152731615947,1.2963905477393105,Myeloid,Immune
cell2_78,0.23501396259221582,1.2082061024690411,Myeloid,Immune
cell2_79,-1.3337549858749262,0.4980727503389307,Myeloid,Immune
cell2_80,0.49802120623451845,1.5166779862133215,Myeloid,Immune
cell2_81,1.6922009645959486,1.9207481758594587,Myeloid,Immune
cell2_82,-0.25828237331168596,0.9116607435892039,Myeloid,Immune
cell2_83,0.2536097087442147,0.7277526606967335,Myeloid,Immune
cell2_84,0.29493567194300735,1.1357280884343404,Myeloid,Immune
cell2_85,0.8511843207109686,1.9799504226933085,Myeloid,Immune
cell2_86,0.7929941201371643,1.6283915823380033,Myeloid,Immune
cell2_87,1.0978194460750865,1.426259977166374,Myeloid,Immune
cell2_88,-0.40428735539894917,-0.010706213437123857,Myeloid,Immune
cell2_89,0.10369265206474694,1.9003434106452413,Myeloid,Immune
cell2_90,1.41900840284048,2.0652709657857042,Myeloid,Immune
cell2_91,-0.09448494082198969,1.4041448839385047,Myeloid,Immune
cell2_92,-0.04060304252020812,1.5042360443495597,Myeloid,Immune
cell2_93,-0.523833501892468,0.6755760323687126,Myeloid,Immune
cell2_94,1.0913747942227912,1.238952871642993,Myeloid,Immune
cell2_95,-0.2697879141272235,0.7091980959863816,Myeloid,Immune
cell2_96,0.5648613800827404,1.5217643547335173,Myeloid,Immune
cell2_97,0.5607001959734196,1.2238458781644541,Myeloid,Immune
cell2_98,0.8234278835674039,1.802941734099177,Myeloid,Immune
cell2_99,-0.7443312947066715,0.5979988985526892,Myeloid,Immune
cell2_100,0.7550005444162324,1.2201132461874087,Myeloid,Immune
cell2_101,0.24690436181303943,1.4243265131661884,Myeloid,Immune
cell2_102,-0.304468129897631,0.37534839675500253,Myeloid,Immune
cell2_103,0.6496495340047639,1.2028234680002006,Myeloid,Immune
cell2_104,-0.22670956545753743,-0.06530598590471204,Myeloid,Immune
cell2_105,-0.39749349984982163,0.26818250516556463,Myeloid,Immune
cell2_106,-0.018002623952449323,1.5288852289456583,Myeloid,Immune
cell2_107,-0.042361852080286304,0.5935063634580138,Myeloid,Immune
cell2_108,0.8648831226747531,0.7266032129909823,Myeloid,Immune
cell2_109,-0.2528288803318963,0.5600947177627058,Myeloid,Immune
cell2_110,-0.4235992742052327,0.8237883722047499,Myeloid,Immune
cell2_111,-0.32273470818305483,1.0290500747932942,Myeloid,Immune
cell2_112,0.8142910766661637,1.8115518356575717,Myeloid,Immune
cell2_113,0.060051655144742866,1.3497067668424672,Myeloid,Immune
cell2_114,1.3640144844513133,1.0359796342268877,Myeloid,Immune
cell2_115,0.025843332562929047,1.2488506423523664,Myeloid,Immune
cell2_116,0.27446416924229033,0.908161786633084,Myeloid,Immune
cell2_117,-0.43576110881755414,0.684303492199194,Myeloid,Immune
cell2_118,-0.435709808823316,1.1098285336069904,Myeloid,Immune
cell2_119,0.34668585456153883,1.1839145065035668,Myeloid,Immune
cell2_120,1.3781779026583012,1.6205421555608184,Myeloid,Immune
cell2_121,0.8204144986401132,1.2779772725404253,Myeloid,Immune
cell2_122,0.3313724542875729,1.1268615477913646,Myeloid,Immune
cell2_123,0.9621630263543101,2.4835327296179193,Myeloid,Immune
cell2_124,-1.9310535667660285,0.2889787774080811,Myeloid,Immune
cell2_125,1.6895107506716496,1.3571198633302128,Myeloid,Immune
cell2_126,-0.3499081977131506,1.0760203984458445,Myeloid,Immune
cell2_127,-0.1277289309551953,1.1535715843281467,Myeloid,Immune
cell2_128,0.7855796354098857,1.9640731143880856,Myeloid,Immune
cell2_129,-0.1814890449876133,1.0619406752180263,Myeloid,Immune
cell2_130,-0.9565541947145058,0.7592245814175088,Myeloid,Immune
cell2_131,-0.2808022645024277,1.2455843283332593,Myeloid,Immune
cell2_132,0.28215707041059673,1.3750194235248019,Myeloid,Immune
cell2_133,-0.4785366826999941,0.35346974283703414,Myeloid,Immune
cell2_134,0.5417659142556588,1.2739661974476324,Myeloid,Immune
cell2_135,-0.5858639081547307,0.7272584490875115,Myeloid,Immune
cell2_136,-0.33616476793510647,0.21165988332751395,Myeloid,Immune
cell2_137,-0.5112903996776503,0.9336562123330516,Myeloid,Immune
cell2_138,0.39013856925984247,1.7368852219723658,Myeloid,Immune
cell2_139,0.8915664901829108,1.6324565199064327,Myeloid,Immune
cell2_140,0.7348084380991398,1.6604020872704144,Myeloid,Immune
cell2_141,-0.22901828219160708,0.8992497899631495,Myeloid,Immune
cell2_142,-0.6639520006342338,0.6645405455493056,Myeloid,Immune
cell2_143,-0.5685521255222676,0.4263469416868355,Myeloid,Immune
cell2_144,0.23890337872188921,0.8021616799115101,Myeloid,Immune
cell2_145,-0.13043967296074443,0.670226127832591,Myeloid,Immune
cell2_146,0.19269677402332674,0.9830123509633324,Myeloid,Immune
cell2_147,0.5881256777564268,0.9645002420723344,Myeloid,Immune
cell2_148,0.5826925036921006,0.6050096848403363,Myeloid,Immune
cell2_149,0.3890148884988296,0.6928012481744874,Myeloid,Immune
cell2_150,0.5619600279865916,1.5612859363139697,Myeloid,Immune
cell2_151,0.3469309830809778,1.2187842192571838,Myeloid,Immune
cell2_152,0.4463091619303265,1.1875748128005434,Myeloid,Immune
cell2_153,0.7797906298672843,1.3095077387830882,Myeloid,Immune
cell2_154,0.38102567544391325,1.1077675008721135,Myeloid,Immune
cell2_155,0.14174255428944982,0.6076145961175963,Myeloid,Immune
cell2_156,0.7638690259805481,1.4995410003880458,Myeloid,Immune
cell2_157,-0.14826968386086467,1.058905376205507,Myeloid,Immune
cell2_158,0.6125202478857709,1.4868330324723211,Myeloid,Immune
cell2_159,-0.37385671494243333,1.0494983909781468,Myeloid,Immune
cell2_160,-0.5336460629228731,0.47392066729871063,Myeloid,Immune
cell2_161,0.05235870088452486,0.7811220610146462,Myeloid,Immune
cell2_162,-0.1816752215789562,0.4881490027791143,Myeloid,Immune
cell2_163,-0.9252558652795483,0.5303240628742469,Myeloid,Immune
cell2_164,0.1997644556243288,1.4050363524288838,Myeloid,Immune
cell2_165,-1.4279124271221184,0.4329068999098483,Myeloid,Immune
cell2_166,-0.9961093320935075,0.55963618856808,Myeloid,Immune
cell2_167,-0.2149428468922811,0.932753119743189,Myeloid,Immune
cell2_168,-0.6480845982317971,0.41052209412369145,Myeloid,Immune
cell2_169,0.48875265779080035,1.0212686316965596,Myeloid,Immune
cell2_170,0.3267843722874349,0.32328066000295297,Myeloid,Immune
cell2_171,0.780720973300706,0.7989759286461029,Myeloid,Immune
cell2_172,0.413624294419311,0.5487807540588447,Myeloid,Immune
cell2_173,0.2996244078978472,0.56787178184227,Myeloid,Immune
cell2_174,-0.38994959975596394,1.473805442029403,Myeloid,Immune
cell2_175,0.336637743477858,1.3178093044981687,Myeloid,Immune
cell2_176,0.4717525309652564,1.9321224170271383,Myeloid,Immune
cell2_177,-0.2560783792558433,1.3739838328217817,Myeloid,Immune
cell2_178,0.4900773712919636,1.0574810574773656,Myeloid,Immune
cell2_179,1.0335658075726462,1.7986797848744898,Myeloid,Immune
cell2_180,0.041324067286368206,1.0690374208391484,Myeloid,Immune
cell2_181,-0.1583809558686444,0.7346529156334646,Myeloid,Immune
cell2_182,-1.077948243657431,0.8357510591201283,Myeloid,Immune
cell2_183,0.5789380886335723,1.4599493449355527,Myeloid,Immune
cell2_184,0.10707276232664949,0.7007751890357696,Myeloid,Immune
cell2_185,1.066418296272765,1.085519953065522,Myeloid,Immune
cell2_186,0.343502705643948,0.8910479351411245,Myeloid,Immune
cell2_187,-1.013004751073466,0.8397919116698538,Myeloid,Immune
cell2_188,-0.4805316556016473,0.7920566678955474,Myeloid,Immune
cell2_189,1.061363757402941,1.209776729669006,Myeloid,Immune
cell2_190,-1.0216181071722668,-0.02484317494164645,Myeloid,Immune
cell2_191,-0.25940645529668327,1.0487653829530754,Myeloid,Immune
cell2_192,-0.9860974249745449,0.42557462936279267,Myeloid,Immune
cell2_193,-0.4758133843728065,1.4810280920812977,Myeloid,Immune
cell2_194,1.2062026260751242,1.0131115898369352,Myeloid,Immune
cell2_195,1.9452220021659832,1.0763338515980143,Myeloid,Immune
cell2_196,-0.23919893849220292,1.6218310620424106,Myeloid,Immune
cell2_197,-0.2546288987069222,1.4931599681898238,Myeloid,Immune
cell2_198,0.734204456784744,1.3918690088585164,Myeloid,Immune
cell2_199,0.20947652981454842,1.683138184147115,Myeloid,Immune
cell2_200,-0.10227517808676533,0.3078778435248798,Myeloid,Immune
cell2_201,-0.2014125931608846,1.094474609628286,Myeloid,Immune
cell2_202,0.2684669875126148,1.4349298089928233,Myeloid,Immune
cell2_203,0.276716869177287,0.8106254962134496,Myeloid,Immune
cell2_204,-0.8324960772286022,0.9470789592397931,Myeloid,Immune
cell2_205,-0.40274490526490436,0.6574909059680188,Myeloid,Immune
cell2_206,-0.23317047944863964,1.2736720405157755,Myeloid,Immune
cell2_207,1.1872280471878232,1.7570118682817273,Myeloid,Immune
cell2_208,0.6741081385705425,1.6533337941157726,Myeloid,Immune
cell2_209,-0.2932703386713482,1.1475716030178187,Myeloid,Immune
cell2_210,-0.2106359811125855,0.8915736669406591,Myeloid,Immune
cell2_211,-0.16675138560103936,0.8214165752900471,Myeloid,Immune
cell2_212,-0.8401348772984678,0.2295655186720842,Myeloid,Immune
cell2_213,0.5839705439301697,0.5443354862788111,Myeloid,Immune
cell2_214,0.13655928129518374,-0.19394119010056254,Myeloid,Immune
cell2_215,-0.7799524306566596,0.8484872770601144,Myeloid,Immune
cell2_216,0.12855865041622247,0.6896414735476275,Myeloid,Immune
cell2_217,-0.16406616705216123,0.5173168920280183,Myeloid,Immune
cell2_218,-0.9783096630644912,0.8990225447957026,Myeloid,Immune
cell2_219,-0.6627172799222572,0.6576899871369034,Myeloid,Immune
cell2_220,-0.9979085753968683,0.7593813100111374,Myeloid,Immune
cell2_221,-0.4132761321300511,1.140006452083424,Myeloid,Immune
cell2_222,0.061784466089935035,1.365901086474096,Myeloid,Immune
cell2_223,0.6039357809905912,0.9038705380446128,Myeloid,Immune
cell2_224,-0.7638846963513791,1.2316912569135012,Myeloid,Immune
cell2_225,0.6248132716067761,1.117172417097733,Myeloid,Immune
cell2_226,0.602240892832991,2.4551280781854943,Myeloid,Immune
cell2_227,0.09338093584857168,1.8270967398771312,Myeloid,Immune
cell2_228,-1.400604225196095,0.41925826089698615,Myeloid,Immune
cell2_229,0.2350954681098058,2.4111091426207105,Myeloid,Immune
cell2_230,0.8281939398588231,1.9619284680319091,Myeloid,Immune
cell2_231,0.29261339843039996,1.1761824186104473,Myeloid,Immune
cell2_232,-0.14821007111408946,1.5807534850947453,Myeloid,Immune
cell2_233,0.8894950806179526,1.9992812886431444,Myeloid,Immune
cell2_234,-0.32287768234540076,0.9163420512216199,Myeloid,Immune
cell2_235,-0.19890077824571908,0.6098933090298368,Myeloid,Immune
cell2_236,-0.700856865259556,0.4112306137283509,Myeloid,Immune
cell2_237,0.9224171772783063,1.4255067085199782,Myeloid,Immune
cell2_238,-0.5146366150422105,1.2788327181677333,Myeloid,Immune
cell2_239,-0.8657246146254512,0.8227892320382705,Myeloid,Immune
cell2_240,0.24993666017278907,1.6160397261155355,Myeloid,Immune
cell2_241,-0.3698834019073965,0.8042724495683607,Myeloid,Immune
cell2_242,0.12374349707050127,0.6883496909848509,Myeloid,Immune
cell2_243,1.706052811116573,1.3825704372884324,Myeloid,Immune
cell2_244,0.5575771100869886,1.2457357651055803,Myeloid,Immune
cell2_245,0.1200577526935783,0.9408055796446867,Myeloid,Immune
cell2_246,0.7508882565771626,1.5344128295235264,Myeloid,Immune
cell2_247,-0.5719256023684473,0.2898545012313972,Myeloid,Immune
cell2_248,-0.5679265751658035,0.8860904459284272,Myeloid,Immune
cell2_249,0.18350834794182738,1.227623993165129,Myeloid,Immune
cell2_250,0.3099874358806922,1.133000124893574,Myeloid,Immune
cell2_251,-0.3056541458832955,1.366680787315357,Myeloid,Immune
cell2_252,-0.6250559456850138,0.43379652783343436,Myeloid,Immune
cell2_253,-0.35207978706383336,0.7600431940811402,Myeloid,Immune
cell2_254,-0.3456436429875093,0.9205872575059857,Myeloid,Immune
cell2_255,-0.1936269453135438,0.239135305458281,Myeloid,Immune
cell2_256,-0.2040337028961269,0.4152198605417392,Myeloid,Immune
cell2_257,-1.438924285685546,0.3017081941462091,Myeloid,Immune
cell2_258,0.6901748867184015,1.082170059917915,Myeloid,Immune
cell2_259,-0.2746013586336025,0.4322166008675753,Myeloid,Immune
cell3_0,3.1576819115168657,3.692486497545747,Stromal,Tissue
cell3_1,3.203335246958127,4.287341435220695,Stromal,Tissue
cell3_2,2.6737119584649007,3.6423696375699577,Stromal,Tissue
cell3_3,2.598361576019881,3.8036397157168915,Stromal,Tissue
cell3_4,2.308878133910733,3.4156473913242618,Stromal,Tissue
cell3_5,3.3425832145869485,4.7336379688432375,Stromal,Tissue
cell3_6,3.5159962101920996,4.286793316184545,Stromal,Tissue
cell3_7,2.799388475440697,3.7065496626223533,Stromal,Tissue
cell3_8,4.2656093477738395,5.004846028121171,Stromal,Tissue
cell3_9,4.328252184682665,3.7832395406893267,Stromal,Tissue
cell3_10,3.1642782550736177,3.543023760130992,Stromal,Tissue
cell3_11,3.803246816098955,4.537932301436253,Stromal,Tissue
cell3_12,3.1870208738795514,3.1230357753861946,Stromal,Tissue
cell3_13,2.8562709372411805,3.813866273017541,Stromal,Tissue
cell3_14,2.86634818816461,4.04293361507868,Stromal,Tissue
cell3_15,2.6811969217233838,2.83134944171678,Stromal,Tissue
cell3_16,3.1071598288807096,3.3683149495380587,Stromal,Tissue
cell3_17,3.4610425987931865,4.462679735545022,Stromal,Tissue
cell3_18,3.6310463332530274,4.482290755572427,Stromal,Tissue
cell3_19,2.6566877426517843,3.843860007199115,Stromal,Tissue
cell3_20,2.114345540376621,3.5821533467954545,Stromal,Tissue
cell3_21,3.5183093180885563,4.684213414980662,Stromal,Tissue
cell3_22,3.739252221153431,4.195629998649991,Stromal,Tissue
cell3_23,2.9379910494119104,3.75953848249025,Stromal,Tissue
cell3_24,2.5687366962276714,3.9526822410226523,Stromal,Tissue
cell3_25,3.7977200727563227,3.23956527989794,Stromal,Tissue
cell3_26,3.5097883825675016,4.160336980427807,Stromal,Tissue
cell3_27,3.5184166344387453,5.033675663176364,Stromal,Tissue
cell3_28,3.818990940931598,4.308926918693315,Stromal,Tissue
cell3_29,3.2057752852074857,3.9583963217478715,Stromal,Tissue
cell3_30,3.8062431545710593,4.3693698039877855,Stromal,Tissue
cell3_31,2.868205005208776,4.228469485177142,Stromal,Tissue
cell3_32,4.35189963278317,4.4698573698543775,Stromal,Tissue
cell3_33,2.8692094848288483,4.41350340059757,Stromal,Tissue
cell3_34,3.1058211238967437,4.143603047830983,Stromal,Tissue
cell3_35,3.2940732975750184,4.840338748000283,Stromal,Tissue
cell3_36,3.275846265116462,3.8595972892801114,Stromal,Tissue
cell3_37,4.5084723366133534,4.643732290326093,Stromal,Tissue
cell3_38,3.152196928683343,4.08189862992769,Stromal,Tissue
cell3_39,1.8383102101715036,3.703209700037522,Stromal,Tissue
cell3_40,3.911390868019466,4.502490575338725,Stromal,Tissue
cell3_41,2.901051704373405,3.5473279670174613,Stromal,Tissue
cell3_42,3.004249011455824,3.7736346034713852,Stromal,Tissue
cell3_43,2.9957948934683927,3.6420264936697455,Stromal,Tissue
cell3_44,2.4676382195083315,3.5704663219967268,Stromal,Tissue
cell3_45,3.1325337150970904,4.560175709961141,Stromal,Tissue
cell3_46,3.1542104845406276,4.132240683611561,Stromal,Tissue
cell3_47,3.9229012074094003,3.864368284066057,Stromal,Tissue
cell3_48,3.1132964967229606,3.6297521438629663,Stromal,Tissue
cell3_49,3.5852842993404517,4.716923533619161,Stromal,Tissue
cell3_50,2.329223238489828,3.786514473485915,Stromal,Tissue
cell3_51,3.750319896582116,4.391116483740099,Stromal,Tissue
cell3_52,3.3376939165235893,3.6034290167822483,Stromal,Tissue
cell3_53,2.4531555540934344,3.235307831109724,Stromal,Tissue
cell3_54,3.0954767699762877,3.640848224016885,Stromal,Tissue
cell3_55,2.1947847694453166,3.8964531215143063,Stromal,Tissue
cell3_56,3.25028476182347,3.8376851453862986,Stromal,Tissue
cell3_57,2.4248129264649236,3.2019757261360104,Stromal,Tissue
cell3_58,2.754117415712236,3.559166181349435,Stromal,Tissue
cell3_59,2.794345288249175,4.097631049285706,Stromal,Tissue
cell3_60,2.7116274647156455,4.121506503462009,Stromal,Tissue
cell3_61,2.9639856051352464,4.307345824575505,Stromal,Tissue
cell3_62,3.068940052782363,3.454532656536908,Stromal,Tissue
cell3_63,2.8143352858696247,4.550688242565498,Stromal,Tissue
cell3_64,3.972773541217131,3.381672288207283,Stromal,Tissue
cell3_65,3.0912739912009153,3.4273094339948447,Stromal,Tissue
cell3_66,2.5712002604790447,3.670991674882697,Stromal,Tissue
cell3_67,3.53162510077155,4.254952381217498,Stromal,Tissue
cell3_68,1.9073920396903858,3.4792943785905566,Stromal,Tissue
cell3_69,3.4549223039644152,4.1388226237846375,Stromal,Tissue
cell3_70,3.607839082781949,4.667204950175867,Stromal,Tissue
cell3_71,2.821128760520023,3.4634539451830384,Stromal,Tissue
cell3_72,3.3736872887294953,4.230588537970737,Stromal,Tissue
cell3_73,3.2993020261920774,4.36864837338236,Stromal,Tissue
cell3_74,3.653810992383945,4.6517220208398635,Stromal,Tissue
cell3_75,3.1350979958829,4.168513893009762,Stromal,Tissue
cell3_76,2.579346219166256,4.195043334578775,Stromal,Tissue
cell3_77,2.929942669351708,3.7603878542286218,Stromal,Tissue
cell3_78,3.0467621191097454,4.551717196920357,Stromal,Tissue
cell3_79,3.4702205165988134,4.705811700340691,Stromal,Tissue
cell3_80,2.509290374918155,3.661025974505596,Stromal,Tissue
cell3_81,3.688780784399985,3.93347552901353,Stromal,Tissue
cell3_82,4.3599535467543085,5.0012267609422,Stromal,Tissue
cell3_83,2.569703099695455,3.8846590368969856,Stromal,Tissue
cell3_84,2.2491592674715433,3.6254851820583367,Stromal,Tissue
cell3_85,2.5737308216073322,3.645811127317642,Stromal,Tissue
cell3_86,3.2788514352518456,4.06603376887806,Stromal,Tissue
cell3_87,2.8714288606724327,3.687751712992785,Stromal,Tissue
cell3_88,3.5931902678053484,3.73419473668129,Stromal,Tissue
cell3_89,3.8330420894497688,3.8698597445930187,Stromal,Tissue
cell3_90,2.720789298466638,4.215747591010699,Stromal,Tissue
cell3_91,2.800868609940595,4.332082666925254,Stromal,Tissue
cell3_92,2.950657492948841,4.2243758965620195,Stromal,Tissue
cell3_93,3.7571351054598603,4.157966714571786,Stromal,Tissue
cell3_94,3.004318917401896,3.7060446007618637,Stromal,Tissue
cell3_95,2.180366051179826,3.755648173739175,Stromal,Tissue
cell3_96,2.17943407136479,3.1354465130003013,Stromal,Tissue
cell3_97,3.352783488319668,4.896350936841973,Stromal,Tissue
cell3_98,3.2819105678565355,4.277846606558263,Stromal,Tissue
cell3_99,4.14198545082369,4.096883359681943,Stromal,Tissue
cell3_100,4.148346934448846,4.192747276752499,Stromal,Tissue
cell3_101,4.141434686761585,4.476590812477439,Stromal,Tissue
cell3_102,3.364951742850188,4.634888137009606,Stromal,Tissue
cell3_103,3.629152031950207,4.5347919934457295,Stromal,Tissue
cell3_104,3.479025332187544,4.420586222497287,Stromal,Tissue
cell3_105,3.9810409671993283,5.005590750531007,Stromal,Tissue
cell3_106,1.993209773362222,3.9381717835768524,Stromal,Tissue
cell3_107,4.5025434614143816,4.069343647694149,Stromal,Tissue
cell3_108,1.8995973185273605,4.430423145390408,Stromal,Tissue
cell3_109,2.7257395136091667,4.105711571283462,Stromal,Tissue
cell3_110,3.4346572366298167,3.7022248835541447,Stromal,Tissue
cell3_111,2.3176119089028915,2.981807381544339,Stromal,Tissue
cell3_112,3.164684190515924,4.097399717848814,Stromal,Tissue
cell3_113,2.2857729526140287,3.9887763417860516,Stromal,Tissue
cell3_114,3.347664680474,3.89194904148609,Stromal,Tissue
cell3_115,3.2219453843503674,3.818480923027895,Stromal,Tissue
cell3_116,4.161553841824158,4.5598378282884475,Stromal,Tissue
cell3_117,2.1672151348583277,3.6558779791495937,Stromal,Tissue
cell3_118,3.157289844563368,4.012599263371148,Stromal,Tissue
cell3_119,2.811777223815342,5.199465059084643,Stromal,Tissue
cell3_120,2.9376098681584533,3.822441308470579,Stromal,Tissue
cell3_121,2.7578274179407654,3.2529004171413405,Stromal,Tissue
cell3_122,2.837095199519038,4.16930977879389,Stromal,Tissue
cell3_123,2.591917606050334,3.4458172902757047,Stromal,Tissue
cell3_124,2.9164008541004423,4.305853975557703,Stromal,Tissue
cell3_125,2.760294958360134,4.586228292204365,Stromal,Tissue
cell3_126,2.8834047058965795,4.065572559363049,Stromal,Tissue
cell3_127,2.005373697474072,3.5497039436844537,Stromal,Tissue
cell3_128,3.6083289372995884,3.813597194276524,Stromal,Tissue
cell3_129,2.573002997661872,3.298817964557773,Stromal,Tissue
cell3_130,3.159287695280693,4.6840780474876595,Stromal,Tissue
cell3_131,3.099162889265868,4.673300848532426,Stromal,Tissue
cell3_132,2.441009518771822,4.240563631642952,Stromal,Tissue
cell3_133,2.6436954282227996,4.0247489354377555,Stromal,Tissue
cell3_134,3.1384463366646775,4.274033070024951,Stromal,Tissue
cell3_135,3.634394919378797,4.578481769827839,Stromal,Tissue
cell3_136,2.7715194940387846,3.6292387781696314,Stromal,Tissue
cell3_137,3.6953429274875997,3.2790251583839254,Stromal,Tissue
cell3_138,1.9712705464325064,3.571985203695572,Stromal,Tissue
cell3_139,3.097500130152812,3.30607455650928,Stromal,Tissue
cell3_140,3.2774873400881113,4.270837408243629,Stromal,Tissue
cell3_141,2.632791298673281,3.807261966633036,Stromal,Tissue
cell3_142,3.5916750455236244,3.911236852463814,Stromal,Tissue
cell3_143,3.5262183941262184,4.338982581134918,Stromal,Tissue
cell3_144,2.8725307319275952,3.722606888730198,Stromal,Tissue
cell3_145,3.4522646012838254,4.668214879816444,Stromal,Tissue
cell3_146,3.0365754854415585,3.2551084688659397,Stromal,Tissue
cell3_147,2.4792513312413513,4.644615838842677,Stromal,Tissue
cell3_148,3.9942482005843933,4.931556361914999,Stromal,Tissue
cell3_149,3.4082003613675367,4.120893269774949,Stromal,Tissue
cell3_150,1.8334041414130293,3.9306253533443516,Stromal,Tissue
cell3_151,2.92301742358939,3.667216351683069,Stromal,Tissue
cell3_152,3.3805603892079725,3.386062610608466,Stromal,Tissue
cell3_153,1.9440484888910292,3.771928124276207,Stromal,Tissue
cell3_154,3.1451924289303275,4.357700355705496,Stromal,Tissue
cell3_155,2.311828279999234,3.8325306634797385,Stromal,Tissue
cell3_156,3.818945597570992,4.030360372894672,Stromal,Tissue
cell3_157,2.75167111386687,4.592618103066234,Stromal,Tissue
cell3_158,2.0210797122405433,4.7104263884069395,Stromal,Tissue
cell3_159,4.3400158466129986,4.419833334408385,Stromal,Tissue
cell3_160,2.9590750478468295,4.530546586953314,Stromal,Tissue
cell3_161,2.7852176366505144,3.7193241326423556,Stromal,Tissue
cell3_162,3.535832853314342,3.70502210227052,Stromal,Tissue
cell3_163,2.6113094235426524,4.261701904292499,Stromal,Tissue
cell3_164,2.3885820677747924,3.5651679578491837,Stromal,Tissue
cell3_165,2.667183617133009,3.7993574643243826,Stromal,Tissue
cell3_166,3.5552574401902417,4.71072806711604,Stromal,Tissue
cell3_167,2.3497598150757386,3.4936011721571045,Stromal,Tissue
cell3_168,2.5407077977926966,4.019129548473467,Stromal,Tissue
cell3_169,3.7041004476081447,3.3979914440050063,Stromal,Tissue
cell3_170,3.5179513483202984,4.6661863059591315,Stromal,Tissue
cell3_171,3.584018062814473,4.380396098691475,Stromal,Tissue
cell3_172,2.37547428981542,3.6528414553226733,Stromal,Tissue
cell3_173,1.9917085888803454,3.357656745809356,Stromal,Tissue
cell3_174,2.813957865718897,3.1088993272611947,Stromal,Tissue
cell3_175,3.6592670139698833,4.816661021315232,Stromal,Tissue
cell3_176,4.101579741914712,3.7270907522930323,Stromal,Tissue
cell3_177,2.3370361147561276,3.5725397613379917,Stromal,Tissue
cell3_178,2.6693682691821436,3.8217289890083204,Stromal,Tissue
cell3_179,2.6992085618704036,2.9225076381569797,Stromal,Tissue
cell3_180,3.202267823778385,3.5707723668415885,Stromal,Tissue
cell3_181,2.8318789309606593,3.6233173109641026,Stromal,Tissue
cell3_182,2.8394616305945775,3.6136534255939434,Stromal,Tissue
cell3_183,3.535386666619656,4.561558094972607,Stromal,Tissue
cell3_184,2.7828950799493155,3.895483813382933,Stromal,Tissue
cell3_185,3.364002391891659,4.18768848543638,Stromal,Tissue
cell3_186,2.965505891799528,4.717838801900796,Stromal,Tissue
cell3_187,2.925583952812247,3.8857001004710767,Stromal,Tissue
cell3_188,4.052116955923674,3.286537470772063,Stromal,Tissue
cell3_189,3.5656428946899568,4.255466707376725,Stromal,Tissue
cell3_190,2.7950128734400685,4.099988820341337,Stromal,Tissue
cell3_191,2.1776293670493123,3.9250057428846996,Stromal,Tissue
cell3_192,2.7232714510340728,3.2174303281788177,Stromal,Tissue
cell3_193,2.0903175823455546,3.821939140824595,Stromal,Tissue
cell3_194,3.774503686168024,4.067914624033216,Stromal,Tissue
cell3_195,2.4968324737460894,3.3989915385517913,Stromal,Tissue
cell3_196,2.566309151828479,4.466157777026657,Stromal,Tissue
cell3_197,2.5426040077908207,4.25815450504415,Stromal,Tissue
cell3_198,3.1329654330868317,4.444176001517247,Stromal,Tissue
cell3_199,3.3357962287474643,4.9552536693587745,Stromal,Tissue
cell3_200,4.250567184918758,4.527824761309193,Stromal,Tissue
cell3_201,2.3166072513455958,4.300223039972339,Stromal,Tissue
cell3_202,1.8557757457036226,3.487008409643051,Stromal,Tissue
cell3_203,3.357023667959286,4.416005992660717,Stromal,Tissue
cell3_204,2.4227042514218176,4.466702895923522,Stromal,Tissue
cell3_205,2.833737935089309,3.4236175254987513,Stromal,Tissue
cell3_206,4.039648958993736,3.9202236716723333,Stromal,Tissue
cell3_207,2.519534564881944,3.738939754428171,Stromal,Tissue
cell3_208,1.4587925109101632,3.6950053775218104,Stromal,Tissue
cell3_209,3.273247023575929,4.0739107957341645,Stromal,Tissue
cell3_210,2.3200950885537233,3.455910873816973,Stromal,Tissue
cell3_211,3.4446273797509086,3.916153943034274,Stromal,Tissue
cell3_212,3.7906951447599555,4.314494586074483,Stromal,Tissue
cell3_213,2.4314319130441313,3.0896470220653365,Stromal,Tissue
cell3_214,2.161223567960935,3.2784682730540657,Stromal,Tissue
cell3_215,2.8473136377775154,4.682722864128447,Stromal,Tissue
cell3_216,3.175221970467649,4.277894079342088,Stromal,Tissue
cell3_217,2.8101966968619956,3.8281815655417577,Stromal,Tissue
cell3_218,2.6128494687477875,3.630777085406895,Stromal,Tissue
cell3_219,2.649514813570743,4.034117325606882,Stromal,Tissue
cell3_220,4.361541986266471,4.939269800232383,Stromal,Tissue
cell3_221,1.9338042859498916,2.9669694113861613,Stromal,Tissue
cell3_222,1.7210842422306243,3.385318201162512,Stromal,Tissue
cell3_223,3.0653198940012505,4.021999017868874,Stromal,Tissue
cell3_224,2.4544061361354226,3.0738205178094873,Stromal,Tissue
cell3_225,3.8887550064997507,4.346265591030233,Stromal,Tissue
cell3_226,2.537318387868037,3.527978484883113,Stromal,Tissue
cell3_227,2.989068131840144,4.299555585384153,Stromal,Tissue
cell3_228,4.178930695329907,4.4644176767755726,Stromal,Tissue
cell3_229,3.2877805397505613,3.4682877171779385,Stromal,Tissue
cell3_230,1.9306150807630882,3.6338835707059123,Stromal,Tissue
cell3_231,2.451925621908088,2.0767835383107256,Stromal,Tissue
cell3_232,2.9148185225276966,3.9382856752983653,Stromal,Tissue
cell3_233,2.9162108355772642,3.0065090759241864,Stromal,Tissue
cell3_234,1.8356087536068952,3.4821588812992657,Stromal,Tissue
cell3_235,3.391996759668857,4.593540453060845,Stromal,Tissue
cell3_236,2.9728723826482524,3.604812162968586,Stromal,Tissue
cell3_237,2.4983278468090395,4.42512189093015,Stromal,Tissue
cell3_238,3.0971334426933623,4.662222350350092,Stromal,Tissue
cell3_239,2.7238376106647917,3.849923076328492,Stromal,Tissue
cell3_240,3.4163247470349463,4.327492976436992,Stromal,Tissue
cell3_241,2.3935960612910105,4.142840927100666,Stromal,Tissue
cell3_242,2.0892983236348597,3.250716757835447,Stromal,Tissue
cell3_243,3.792736460534625,4.854233114642952,Stromal,Tissue
cell3_244,2.0612337458029115,3.0108137824308003,Stromal,Tissue
cell3_245,2.6454941216116583,3.862622877915526,Stromal,Tissue
cell3_246,2.3656373600920886,3.3331508927050217,Stromal,Tissue
cell3_247,1.802079360671489,3.363438892007232,Stromal,Tissue
cell3_248,2.043302837255571,3.966475876985383,Stromal,Tissue
cell3_249,3.0427414038158913,3.5646087167621934,Stromal,Tissue
cell3_250,3.510434618741362,3.4114482743425576,Stromal,Tissue
cell3_251,2.7066120180409885,5.076294524492723,Stromal,Tissue
cell3_252,2.065260945469718,3.5366419882728506,Stromal,Tissue
cell3_253,2.715505425336972,4.694078387244525,Stromal,Tissue
cell3_254,2.41391500550674,4.2382472770365975,Stromal,Tissue
cell3_255,3.308622103498549,4.414134628104253,Stromal,Tissue
cell3_256,2.584674715469574,3.5096738449232996,Stromal,Tissue
cell3_257,3.1479238614736174,4.03356763315006,Stromal,Tissue
cell3_258,3.420236029627211,3.8251992345076715,Stromal,Tissue
cell3_259,3.7779130276235833,4.5724496211435754,Stromal,Tissue
cell4_0,5.565517216309123,1.4612006289596353,Endothelial,Vascular
cell4_1,4.268337829531232,0.48620745263395204,Endothelial,Vascular
cell4_2,4.486927403055875,0.963498237010425,Endothelial,Vascular
cell4_3,5.197705299359385,1.3257779557845348,Endothelial,Vascular
cell4_4,3.8761288850272884,0.8746320283687508,Endothelial,Vascular
cell4_5,5.114913458416762,1.1795572890943946,Endothelial,Vascular
cell4_6,4.288655307906942,0.6351766856239456,Endothelial,Vascular
cell4_7,4.985347442588653,1.3999085592645277,Endothelial,Vascular
cell4_8,5.0575504195962,1.5543405482743744,Endothelial,Vascular
cell4_9,4.73475944104535,1.288983678746142,Endothelial,Vascular
cell4_10,4.664575627153104,0.7580143536344837,Endothelial,Vascular
cell4_11,4.635560933912516,1.0893186268756643,Endothelial,Vascular
cell4_12,4.794875661210452,0.9315885125788181,Endothelial,Vascular
cell4_13,4.480898264325943,1.1850992149745525,Endothelial,Vascular
cell4_14,5.359768409375004,0.5810079182327434,Endothelial,Vascular
cell4_15,5.257465083294675,1.24324692991419,Endothelial,Vascular
cell4_16,4.276074145047141,1.333798260470123,Endothelial,Vascular
cell4_17,5.1170624174708275,1.3127841579481163,Endothelial,Vascular
cell4_18,4.121120209510812,1.2950176234060433,Endothelial,Vascular
cell4_19,5.096797820396979,0.6005427716798595,Endothelial,Vascular
cell4_20,4.637784522070631,0.9378451334175633,Endothelial,Vascular
cell4_21,4.828270194427791,0.8980339966034763,Endothelial,Vascular
cell4_22,4.982184876815461,0.7600650399230102,Endothelial,Vascular
cell4_23,5.314085934047536,1.0082243210756943,Endothelial,Vascular
cell4_24,5.572017763801571,1.1889960403813744,Endothelial,Vascular
cell4_25,5.469406989541762,1.9967157145846244,Endothelial,Vascular
cell4_26,3.7239910597933825,0.37486790132171965,Endothelial,Vascular
cell4_27,4.9592651106160455,1.4574534879632146,Endothelial,Vascular
cell4_28,5.1676248884950144,1.220665710661012,Endothelial,Vascular
cell4_29,4.787127056170999,1.0683918533722419,Endothelial,Vascular
cell4_30,6.011939508918397,1.0312878227861242,Endothelial,Vascular
cell4_31,5.386336226770767,1.9033361097053483,Endothelial,Vascular
cell4_32,5.353884205252795,1.3577903250371834,Endothelial,Vascular
cell4_33,5.012762295863102,1.307280469762706,Endothelial,Vascular
cell4_34,4.158775728178688,1.603304918202065,Endothelial,Vascular
cell4_35,4.504297384383691,0.3748924450290856,Endothelial,Vascular
cell4_36,4.741315931300639,0.6893678789462554,Endothelial,Vascular
cell4_37,5.135830900492657,0.718637058091617,Endothelial,Vascular
cell4_38,4.934242139459396,1.1776230348582106,Endothelial,Vascular
cell4_39,4.882693190337559,1.5366820806080503,Endothelial,Vascular
cell4_40,5.530393685056442,1.4749831567182408,Endothelial,Vascular
cell4_41,4.527065035136369,0.3551511674834006,Endothelial,Vascular
cell4_42,6.514981483827226,2.165635418402431,Endothelial,Vascular
cell4_43,5.714277495923513,1.7016182681203764,Endothelial,Vascular
cell4_44,4.7517621390316815,1.1972214763462703,Endothelial,Vascular
cell4_45,5.67402102771602,0.8251827610786191,Endothelial,Vascular
cell4_46,4.726101709169411,0.8728215993436496,Endothelial,Vascular
cell4_47,5.046914159329096,0.6427318417440528,Endothelial,Vascular
cell4_48,4.89984212958493,1.5353995028652636,Endothelial,Vascular
cell4_49,6.112652190966181,1.8885677664283254,Endothelial,Vascular
cell4_50,4.608883577319786,0.9895901728617642,Endothelial,Vascular
cell4_51,4.967177963945822,0.6174117614379542,Endothelial,Vascular
cell4_52,4.619793504584883,0.3936455985388809,Endothelial,Vascular
cell4_53,4.577164164162093,0.3867705754978119,Endothelial,Vascular
cell4_54,4.625280056303284,1.153543822100654,Endothelial,Vascular
cell4_55,5.928900818787362,1.5289029650452095,Endothelial,Vascular
cell4_56,5.384565032926172,0.5898508377421261,Endothelial,Vascular
cell4_57,4.989252102787548,1.9075683271187551,Endothelial,Vascular
cell4_58,5.40994667101619,0.27281343715504425,Endothelial,Vascular
cell4_59,4.481655309955619,0.6363122250101341,Endothelial,Vascular
cell4_60,3.8007632433627174,0.41391980069036505,Endothelial,Vascular
cell4_61,4.390328127569605,0.9042697491659865,Endothelial,Vascular
cell4_62,4.765766807380173,0.6148622977947924,Endothelial,Vascular
cell4_63,5.3457156459173545,1.0388482684964109,Endothelial,Vascular
cell4_64,5.470378061502866,1.17292254796449,Endothelial,Vascular
cell4_65,5.124703791920251,1.1783056284074873,Endothelial,Vascular
cell4_66,5.50025148990481,0.8099530521993256,Endothelial,Vascular
cell4_67,4.097283187372181,-0.12128936682350067,Endothelial,Vascular
cell4_68,4.748813014472644,1.3154965771009246,Endothelial,Vascular
cell4_69,6.241373086020821,2.040151536958911,Endothelial,Vascular
cell4_70,4.734472725913236,1.332885878190212,Endothelial,Vascular
cell4_71,4.770457186797776,0.5291968377480637,Endothelial,Vascular
cell4_72,5.245496149454692,1.0854331522591256,Endothelial,Vascular
cell4_73,5.670564365875531,0.4226270331291172,Endothelial,Vascular
cell4_74,5.112731333738084,1.102776944527622,Endothelial,Vascular
cell4_75,4.6437159054522095,0.4907552601472157,Endothelial,Vascular
cell4_76,4.481887994032023,0.2665161415698569,Endothelial,Vascular
cell4_77,4.187801538105944,0.47673974396384444,Endothelial,Vascular
cell4_78,5.65534150108511,1.7391741562741252,Endothelial,Vascular
cell4_79,5.237922029685507,1.1402438879747774,Endothelial,Vascular
cell4_80,5.371931513509875,1.3083630153250914,Endothelial,Vascular
cell4_81,5.135534501036469,1.144213280100338,Endothelial,Vascular
cell4_82,4.987125635738935,0.5830916267258952,Endothelial,Vascular
cell4_83,5.747837184385267,1.1463634739782957,Endothelial,Vascular
cell4_84,5.4015718321692185,1.2499062248877182,Endothelial,Vascular
cell4_85,5.3875399002998945,1.0189071105947944,Endothelial,Vascular
cell4_86,4.0304447048348075,0.8261115479926917,Endothelial,Vascular
cell4_87,4.599859489890163,0.26347521307808286,Endothelial,Vascular
cell4_88,5.806046252642252,0.9758174281364825,Endothelial,Vascular
cell4_89,5.132663746664927,1.5239297920551362,Endothelial,Vascular
cell4_90,4.68383411236182,1.108127248127846,Endothelial,Vascular
cell4_91,5.374547964031922,1.3708179361196642,Endothelial,Vascular
cell4_92,4.7693207306052425,0.7927942669504585,Endothelial,Vascular
cell4_93,5.663965304541727,1.4931350611275342,Endothelial,Vascular
cell4_94,4.6613211634801885,0.3903502116254295,Endothelial,Vascular
cell4_95,4.382621712228483,0.44833135856313366,Endothelial,Vascular
cell4_96,5.412499271085705,1.5571417466669741,Endothelial,Vascular
cell4_97,4.821869389698904,0.5990131620757642,Endothelial,Vascular
cell4_98,4.778632679167682,1.0034333238431483,Endothelial,Vascular
cell4_99,5.581312909493653,0.9152357536868929,Endothelial,Vascular
cell4_100,4.844583135840336,1.5693974080024655,Endothelial,Vascular
cell4_101,4.962892097964653,0.49905367238127185,Endothelial,Vascular
cell4_102,5.195917089777549,1.4320573453391265,Endothelial,Vascular
cell4_103,4.453307860117168,0.808498255209574,Endothelial,Vascular
cell4_104,3.2094463182979673,0.2947517785842987,Endothelial,Vascular
cell4_105,3.8126798045523955,0.37487024822873416,Endothelial,Vascular
cell4_106,4.629071057495024,0.9716873359812767,Endothelial,Vascular
cell4_107,4.871680416395283,0.9261260634786197,Endothelial,Vascular
cell4_108,4.939314800594485,1.713372285779245,Endothelial,Vascular
cell4_109,4.4619136126228325,2.068337769368675,Endothelial,Vascular
cell4_110,5.54234749056639,1.3463334655226993,Endothelial,Vascular
cell4_111,5.061173384038423,1.700211181649216,Endothelial,Vascular
cell4_112,4.530696581522971,1.2811868402093842,Endothelial,Vascular
cell4_113,4.741358049423363,1.3977552906136723,Endothelial,Vascular
cell4_114,5.1137698793679665,1.1227011587722024,Endothelial,Vascular
cell4_115,5.066093198825362,0.3683571757485802,Endothelial,Vascular
cell4_116,5.659638153163913,0.9678694999296331,Endothelial,Vascular
cell4_117,5.376315997942739,1.4586477978764787,Endothelial,Vascular
cell4_118,5.7516897649109895,1.5059801663365153,Endothelial,Vascular
cell4_119,4.922916044466143,0.9391411552257096,Endothelial,Vascular
cell4_120,5.272567179023555,1.2866567767999377,Endothelial,Vascular
cell4_121,4.037446823066755,-0.16764682371654627,Endothelial,Vascular
cell4_122,4.280644464784385,1.031619451515287,Endothelial,Vascular
cell4_123,5.122710847577966,1.7066652908573143,Endothelial,Vascular
cell4_124,4.094195913480502,1.06329201485267,Endothelial,Vascular
cell4_125,4.556982635921782,1.4541431349321,Endothelial,Vascular
cell4_126,6.497841038191324,1.0946480667750658,Endothelial,Vascular
cell4_127,5.085417787697483,2.099588606541927,Endothelial,Vascular
cell4_128,5.818308390201926,1.865600182883218,Endothelial,Vascular
cell4_129,4.6398663724224125,1.4088454698136346,Endothelial,Vascular
cell4_130,6.879790897029635,1.439182271672461,Endothelial,Vascular
cell4_131,5.619136240083293,1.4880366593691512,Endothelial,Vascular
cell4_132,5.454494738037707,0.9466242785471481,Endothelial,Vascular
cell4_133,4.705812844499381,1.1229513851665367,Endothelial,Vascular
cell4_134,3.9647753446606,0.10677346789369413,Endothelial,Vascular
cell4_135,4.23221873398921,0.9971873498802639,Endothelial,Vascular
cell4_136,5.296544908930658,0.80815773047136,Endothelial,Vascular
cell4_137,5.267898007941045,1.6477999327273107,Endothelial,Vascular
cell4_138,4.656070538035199,0.47814047011538763,Endothelial,Vascular
cell4_139,4.604442898765071,0.9134753651322595,Endothelial,Vascular
cell4_140,3.9660650500157577,0.8830431773143296,Endothelial,Vascular
cell4_141,5.383875396941427,1.4828192225544807,Endothelial,Vascular
cell4_142,5.386039332929752,1.2139252769153437,Endothelial,Vascular
cell4_143,4.449547002482054,0.7780756655809724,Endothelial,Vascular
cell4_144,4.275702060174209,0.2522914492355731,Endothelial,Vascular
cell4_145,5.268197538273718,0.4443445969482642,Endothelial,Vascular
cell4_146,3.8955157657404786,0.5245801241588031,Endothelial,Vascular
cell4_147,4.296877551069231,0.6422762669142519,Endothelial,Vascular
cell4_148,5.001807392171151,1.2937065460768327,Endothelial,Vascular
cell4_149,2.6009498289855646,-0.5990518214357601,Endothelial,Vascular
cell4_150,5.102063478325968,0.9427899671842289,Endothelial,Vascular
cell4_151,5.2217175685237445,0.7082291886169552,Endothelial,Vascular
cell4_152,5.4577171852395505,1.852976696286185,Endothelial,Vascular
cell4_153,5.417012666609216,1.091799617749201,Endothelial,Vascular
cell4_154,4.105123668309846,0.8762579521240852,Endothelial,Vascular
cell4_155,4.957455276935807,1.687716571603458,Endothelial,Vascular
cell4_156,4.614980645803225,1.0939174027690453,Endothelial,Vascular
cell4_157,5.307704092170736,0.32382617618235965,Endothelial,Vascular
cell4_158,4.786856505697159,0.978662721469592,Endothelial,Vascular
cell4_159,5.040814531964273,0.9531451305116347,Endothelial,Vascular
cell4_160,5.207870314065628,1.0087095140979403,Endothelial,Vascular
cell4_161,5.492116158546213,1.401221471710214,Endothelial,Vascular
cell4_162,4.587061480641575,0.46062221637257617,Endothelial,Vascular
cell4_163,5.685585211032738,1.702522373952032,Endothelial,Vascular
cell4_164,6.167981625034478,1.7429641928217392,Endothelial,Vascular
cell4_165,4.6804181627293655,1.0177503218770345,Endothelial,Vascular
cell4_166,4.988185565501358,0.9518719980822316,Endothelial,Vascular
cell4_167,4.349630029791982,1.0373458793321393,Endothelial,Vascular
cell4_168,5.140903985533772,1.0428678900332444,Endothelial,Vascular
cell4_169,5.909351651487486,2.349184791649188,Endothelial,Vascular
cell4_170,4.617828348426354,-0.4214348390881275,Endothelial,Vascular
cell4_171,5.292830451643244,1.1024932804172647,Endothelial,Vascular
cell4_172,4.768047090066024,1.8461298101772443,Endothelial,Vascular
cell4_173,4.760767213536978,1.2611236478410952,Endothelial,Vascular
cell4_174,5.955499614909485,1.0734477611257298,Endothelial,Vascular
cell4_175,4.148085232562522,0.6613268555654321,Endothelial,Vascular
cell4_176,4.690690231465927,1.4985779663895573,Endothelial,Vascular
cell4_177,4.983686432562019,0.4775639333743348,Endothelial,Vascular
cell4_178,5.0407255379518014,1.1010441702672573,Endothelial,Vascular
cell4_179,5.6338037293655745,0.9851276658157365,Endothelial,Vascular
cell4_180,3.8368624295271747,0.5687887504564211,Endothelial,Vascular
cell4_181,4.880326868449657,1.1588908663449724,Endothelial,Vascular
cell4_182,4.723972410872499,0.7027485127344557,Endothelial,Vascular
cell4_183,5.147920280880053,1.0933627242718922,Endothelial,Vascular
cell4_184,4.706167578872869,1.5769678401031584,Endothelial,Vascular
cell4_185,4.734798071970024,0.9474689350767816,Endothelial,Vascular
cell4_186,3.6519764916753674,1.1644289465760822,Endothelial,Vascular
cell4_187,5.119643684085861,1.2745111054975342,Endothelial,Vascular
cell4_188,4.8483980977165295,1.722516219974493,Endothelial,Vascular
cell4_189,4.283368549840139,0.653851516091476,Endothelial,Vascular
cell4_190,4.969016307400314,1.0067233521017733,Endothelial,Vascular
cell4_191,6.285410845983903,1.683118469088548,Endothelial,Vascular
cell4_192,4.73690752110127,0.5961834782512145,Endothelial,Vascular
cell4_193,6.809104036112117,2.0253979911678854,Endothelial,Vascular
cell4_194,6.125473067424827,1.3623735773516419,Endothelial,Vascular
cell4_195,4.585136978213299,0.99437624960018,Endothelial,Vascular
cell4_196,4.9778601098639195,0.9386810413253937,Endothelial,Vascular
cell4_197,5.044967971942604,1.5541356358646699,Endothelial,Vascular
cell4_198,5.178381100149018,1.0474482586600005,Endothelial,Vascular
cell4_199,4.318312951550984,-0.147641428008779,Endothelial,Vascular
cell4_200,5.217526757285867,1.1220536217524242,Endothelial,Vascular
cell4_201,5.10941063136047,0.7305518105035074,Endothelial,Vascular
cell4_202,4.773634047528006,0.9382297629159956,Endothelial,Vascular
cell4_203,5.0031697660213945,1.312812254205154,Endothelial,Vascular
cell4_204,6.258944121568767,1.675191340617257,Endothelial,Vascular
cell4_205,4.496648612670307,0.1639700338935286,Endothelial,Vascular
cell4_206,4.904909750095843,1.0477964180902044,Endothelial,Vascular
cell4_207,5.463786238879736,1.037674686177628,Endothelial,Vascular
cell4_208,5.062771883322997,0.8462840243722385,Endothelial,Vascular
cell4_209,5.176262597050469,0.3985879861101431,Endothelial,Vascular
cell4_210,5.273696146093144,0.9101738620297767,Endothelial,Vascular
cell4_211,4.69354240541468,0.9967988683019847,Endothelial,Vascular
cell4_212,5.444525696032609,1.6528714356960224,Endothelial,Vascular
cell4_213,4.655399474625296,1.4564548172381728,Endothelial,Vascular
cell4_214,5.928589737562241,1.8816976120197926,Endothelial,Vascular
cell4_215,4.70846390641529,1.3579351567261881,Endothelial,Vascular
cell4_216,5.51911476224564,1.1149319069204675,Endothelial,Vascular
cell4_217,3.860622094506155,0.44583950939193384,Endothelial,Vascular
cell4_218,4.245706102359156,0.5944400006859792,Endothelial,Vascular
cell4_219,4.770505548239979,1.159142805367478,Endothelial,Vascular
cell4_220,5.889704228981415,0.7219913992680851,Endothelial,Vascular
cell4_221,5.589359665972923,0.5677657508680547,Endothelial,Vascular
cell4_222,4.785708485457281,0.740445653125992,Endothelial,Vascular
cell4_223,4.4418898832986,0.8874366436634639,Endothelial,Vascular
cell4_224,4.803482191136382,0.48694319490970717,Endothelial,Vascular
cell4_225,5.1698235040616085,0.9687415635069374,Endothelial,Vascular
cell4_226,5.0423865938945935,1.345704638732217,Endothelial,Vascular
cell4_227,5.703883780249159,1.8346522761239143,Endothelial,Vascular
cell4_228,4.9390100441982545,0.9865056440952301,Endothelial,Vascular
cell4_229,5.314586654014394,0.316770023423144,Endothelial,Vascular
cell4_230,5.364943377095245,0.7902835674524961,Endothelial,Vascular
cell4_231,5.0838830627516645,0.976356418551429,Endothelial,Vascular
cell4_232,5.937532589557612,1.4460559871675298,Endothelial,Vascular
cell4_233,5.182753445362297,1.2460881479075645,Endothelial,Vascular
cell4_234,4.891129346738282,0.8970421447452271,Endothelial,Vascular
cell4_235,4.743002107904496,0.9666082866732415,Endothelial,Vascular
cell4_236,4.217766034550955,0.2825548799634646,Endothelial,Vascular
cell4_237,5.055399467545064,0.8243619674694979,Endothelial,Vascular
cell4_238,4.396881836004075,1.4034713727345292,Endothelial,Vascular
cell4_239,4.319934359220874,1.2180767324532702,Endothelial,Vascular
cell4_240,6.073434596144578,0.5546946713892771,Endothelial,Vascular
cell4_241,5.521967697991876,1.2383988333232323,Endothelial,Vascular
cell4_242,5.258028522102689,1.5937595018616781,Endothelial,Vascular
cell4_243,6.727663422045845,1.328911239375908,Endothelial,Vascular
cell4_244,3.99769821851782,-0.06565873343602657,Endothelial,Vascular
cell4_245,6.622849673166994,1.3836133793409435,Endothelial,Vascular
cell4_246,5.963107415349071,0.7294532407789245,Endothelial,Vascular
cell4_247,5.65730491858359,1.0228210658822268,Endothelial,Vascular
cell4_248,5.4594447038507905,1.4223345490933479,Endothelial,Vascular
cell4_249,3.3691498348403073,0.3654978244068299,Endothelial,Vascular
cell4_250,5.602425953447863,1.2840602584844736,Endothelial,Vascular
cell4_251,6.1994293610132365,1.2945955013017376,Endothelial,Vascular
cell4_252,5.142885143745881,1.2818807627501634,Endothelial,Vascular
cell4_253,4.557003395623313,0.3836559336193506,Endothelial,Vascular
cell4_254,6.487485787308051,2.0742752337353583,Endothelial,Vascular
cell4_255,5.368820973014995,1.07155346270563,Endothelial,Vascular
cell4_256,4.169594453198038,0.5937217025964701,Endothelial,Vascular
cell4_257,4.799667079536657,1.0600666206905278,Endothelial,Vascular
cell4_258,4.182817506885816,0.7031031839844015,Endothelial,Vascular
cell4_259,5.014333254355934,1.5708928687005663,Endothelial,Vascular
cell5_0,1.8464254950624686,-2.929633329781683,Epithelial,Tissue
cell5_1,1.8674173806273198,-2.3866118070371867,Epithelial,Tissue
cell5_2,1.2911628725769275,-1.9857872576200808,Epithelial,Tissue
cell5_3,1.2241493294531576,-1.8824300076450065,Epithelial,Tissue
cell5_4,1.7362039649931569,-2.541003201618248,Epithelial,Tissue
cell5_5,2.197776478724251,-1.7649500006089196,Epithelial,Tissue
cell5_6,2.406636892022496,-1.7604450053034526,Epithelial,Tissue
cell5_7,1.2898002679008793,-1.8267888014332074,Epithelial,Tissue
cell5_8,1.2804746642977145,-2.6509487017100613,Epithelial,Tissue
cell5_9,2.3949362213040044,-1.7907739957456759,Epithelial,Tissue
cell5_10,1.8470783051379804,-2.107757425662808,Epithelial,Tissue
cell5_11,1.5967818746039253,-1.9311440467878587,Epithelial,Tissue
cell5_12,1.4915095768111652,-1.7376569119621,Epithelial,Tissue
cell5_13,2.3061366854473135,-2.5501327527840414,Epithelial,Tissue
cell5_14,1.6597469213001823,-1.6816873011412259,Epithelial,Tissue
cell5_15,1.323465012496089,-2.4704004693943213,Epithelial,Tissue
cell5_16,3.298740742967266,-1.4140473809482321,Epithelial,Tissue
cell5_17,1.3806681408342523,-2.021516320190962,Epithelial,Tissue
cell5_18,0.7957161317271273,-2.3845969682741663,Epithelial,Tissue
cell5_19,2.465922997721723,-1.7682656345643462,Epithelial,Tissue
cell5_20,3.153318841566774,-1.8917496264751248,Epithelial,Tissue
cell5_21,1.7911735606653636,-1.7853710545473747,Epithelial,Tissue
cell5_22,0.9203510137230555,-2.562062301946267,Epithelial,Tissue
cell5_23,2.1225666176572315,-1.8240153981073495,Epithelial,Tissue
cell5_24,1.2146879501393677,-2.4414378157999725,Epithelial,Tissue
cell5_25,2.7473417059095335,-0.8485558003077838,Epithelial,Tissue
cell5_26,2.781433282831061,-1.457460391420975,Epithelial,Tissue
cell5_27,1.777648401453179,-3.0323923404550457,Epithelial,Tissue
cell5_28,1.8593551097627234,-2.5919744390326693,Epithelial,Tissue
cell5_29,2.238779075970418,-2.53506212129478,Epithelial,Tissue
cell5_30,1.5369826880549102,-2.4532451092533796,Epithelial,Tissue
cell5_31,2.4413626161217574,-2.7235919610240806,Epithelial,Tissue
cell5_32,1.164753919235821,-2.8245666328255505,Epithelial,Tissue
cell5_33,2.0577867677212582,-1.8173380020260756,Epithelial,Tissue
cell5_34,1.7501295447546914,-2.20105133483089,Epithelial,Tissue
cell5_35,1.9374917805534448,-1.315127592292999,Epithelial,Tissue
cell5_36,1.8288090619248585,-2.9337628727071063,Epithelial,Tissue
cell5_37,1.4592077621031785,-1.7819101651277365,Epithelial,Tissue
cell5_38,1.3622218574542022,-1.3049301023071949,Epithelial,Tissue
cell5_39,1.2922637863907216,-2.037626384477167,Epithelial,Tissue
cell5_40,2.648916296483329,-1.3998104856850462,Epithelial,Tissue
cell5_41,2.2043456476723184,-1.2661177425183885,Epithelial,Tissue
cell5_42,1.8027539217167077,-2.089042454248862,Epithelial,Tissue
cell5_43,2.760680286431851,-1.6542147440874584,Epithelial,Tissue
cell5_44,2.014383685760319,-1.8667078757531042,Epithelial,Tissue
cell5_45,2.683085071346414,-1.0428373339574017,Epithelial,Tissue
cell5_46,2.9589308408313792,-2.080736868806758,Epithelial,Tissue
cell5_47,1.5925295356701896,-2.446664405962311,Epithelial,Tissue
cell5_48,1.8913455042200344,-2.0908971262590996,Epithelial,Tissue
cell5_49,0.32750496311686383,-3.367088330851648,Epithelial,Tissue
cell5_50,1.5398427366387195,-1.4804953763513624,Epithelial,Tissue
cell5_51,1.0966505296327949,-1.8996756004026112,Epithelial,Tissue
cell5_52,2.4051630863515188,-1.700285885289971,Epithelial,Tissue
cell5_53,2.358004858513014,-2.3532915866102617,Epithelial,Tissue
cell5_54,3.1578873207831175,-0.7528722920829178,Epithelial,Tissue
cell5_55,2.701588517451943,-1.4143917218665956,Epithelial,Tissue
cell5_56,2.0797825577080675,-1.9850551330493382,Epithelial,Tissue
cell5_57,1.1412032966298808,-2.4140163732752065,Epithelial,Tissue
cell5_58,2.2322082675665555,-2.0240495625375896,Epithelial,Tissue
cell5_59,1.857316719987516,-1.2963113297881237,Epithelial,Tissue
cell5_60,1.4915926538142328,-1.6068622614186343,Epithelial,Tissue
cell5_61,2.179454719760407,-1.7379007390527244,Epithelial,Tissue
cell5_62,2.410833330025428,-1.9069729246229254,Epithelial,Tissue
cell5_63,2.642858507366239,-1.3231402027682815,Epithelial,Tissue
cell5_64,2.1179314435256553,-2.361700502461788,Epithelial,Tissue
cell5_65,1.1019188552737926,-2.3428605472182022,Epithelial,Tissue
cell5_66,2.7714156261384657,-1.9955405288508992,Epithelial,Tissue
cell5_67,3.0738677639982956,-1.673115981036608,Epithelial,Tissue
cell5_68,0.9157654196429799,-2.4550359810587263,Epithelial,Tissue
cell5_69,2.64260690554006,-2.0537251384896957,Epithelial,Tissue
cell5_70,1.8568249194503266,-1.9393644149193077,Epithelial,Tissue
cell5_71,2.555604461828378,-1.5970867198045917,Epithelial,Tissue
cell5_72,1.8877220916692705,-2.099217739199475,Epithelial,Tissue
cell5_73,2.6434115151471893,-1.6381065486358322,Epithelial,Tissue
cell5_74,3.99085785702219,-0.8364816318199149,Epithelial,Tissue
cell5_75,1.570227617542396,-2.75120019148276,Epithelial,Tissue
cell5_76,1.48616006883107,-2.4359624959186017,Epithelial,Tissue
cell5_77,1.754684240494393,-2.67307950560115,Epithelial,Tissue
cell5_78,3.578570520083311,-1.2573746470880918,Epithelial,Tissue
cell5_79,2.0592996335070026,-2.2747470346118237,Epithelial,Tissue
cell5_80,1.8778707661580794,-1.9375143160041923,Epithelial,Tissue
cell5_81,1.4152366577506303,-1.8122000792412318,Epithelial,Tissue
cell5_82,2.9138144388137874,-1.469526078198598,Epithelial,Tissue
cell5_83,1.968622222915729,-2.278643658643084,Epithelial,Tissue
cell5_84,2.4593940456939576,-1.5078183426857463,Epithelial,Tissue
cell5_85,2.959709493781224,-1.8995682104073284,Epithelial,Tissue
cell5_86,2.231718288913309,-2.248448052809299,Epithelial,Tissue
cell5_87,2.616651937633069,-1.8988434214610466,Epithelial,Tissue
cell5_88,1.3110112417078315,-2.4674263500255584,Epithelial,Tissue
cell5_89,1.6693031970221859,-2.1465010701417446,Epithelial,Tissue
cell5_90,2.410953861698531,-2.0245922018542597,Epithelial,Tissue
cell5_91,1.483010456958013,-2.253910761702591,Epithelial,Tissue
cell5_92,1.322522658120255,-2.1119367743531288,Epithelial,Tissue
cell5_93,2.7383242772716265,-2.1130055679222304,Epithelial,Tissue
cell5_94,2.608473134240239,-2.37669862345694,Epithelial,Tissue
cell5_95,1.2638050531716234,-1.7667604259187395,Epithelial,Tissue
cell5_96,2.075977201783603,-1.7267386833137293,Epithelial,Tissue
cell5_97,1.7361260344723226,-2.105982256312696,Epithelial,Tissue
cell5_98,1.8292813200456586,-2.5787364850122563,Epithelial,Tissue
cell5_99,1.9975207171131781,-1.7885575510656544,Epithelial,Tissue
cell5_100,2.105953448725931,-1.5798221808045168,Epithelial,Tissue
cell5_101,1.3874955110303342,-1.6336427512517866,Epithelial,Tissue
cell5_102,1.4828987811308276,-2.707361690457926,Epithelial,Tissue
cell5_103,3.0392273475789597,-1.7879488497571419,Epithelial,Tissue
cell5_104,1.7971614497507693,-0.8682290725628954,Epithelial,Tissue
cell5_105,3.153117939935137,-1.5422332519415831,Epithelial,Tissue
cell5_106,2.1019927148587763,-2.7075028246412414,Epithelial,Tissue
cell5_107,2.746619950121115,-2.2846303122704694,Epithelial,Tissue
cell5_108,2.2609793364963977,-1.4394036222537951,Epithelial,Tissue
cell5_109,3.3665083456302134,-0.7678394617287678,Epithelial,Tissue
cell5_110,2.20399354923667,-2.01779091124616,Epithelial,Tissue
cell5_111,1.4103823252224608,-2.5059023133783116,Epithelial,Tissue
cell5_112,2.121929005591309,-1.7169889680622794,Epithelial,Tissue
cell5_113,1.9862223858918135,-1.871149258827447,Epithelial,Tissue
cell5_114,2.138533977068235,-1.4179658999026532,Epithelial,Tissue
cell5_115,1.3218081720906434,-2.3137472862682396,Epithelial,Tissue
cell5_116,2.8428680318774813,-2.0873699367911014,Epithelial,Tissue
cell5_117,1.3041479950665091,-1.8973653506042165,Epithelial,Tissue
cell5_118,1.6599888984150355,-2.86716708800916,Epithelial,Tissue
cell5_119,2.8147236032883254,-1.8726339482381646,Epithelial,Tissue
cell5_120,1.122819229486967,-3.1212885979324954,Epithelial,Tissue
cell5_121,0.031013672465903586,-2.7520369275004537,Epithelial,Tissue
cell5_122,1.3669402262861365,-2.4511851502320403,Epithelial,Tissue
cell5_123,3.0696373820259826,-1.9006528832022547,Epithelial,Tissue
cell5_124,1.8859029340719475,-1.8176629488121854,Epithelial,Tissue
cell5_125,2.0883776188219136,-2.052773035724965,Epithelial,Tissue
cell5_126,3.4618927227922267,-1.9473106459275242,Epithelial,Tissue
cell5_127,2.6337196792240483,-2.0831332850967326,Epithelial,Tissue
cell5_128,2.956334849084462,-1.8091688087774656,Epithelial,Tissue
cell5_129,1.8070396929187431,-2.288640865750846,Epithelial,Tissue
cell5_130,0.7290924168693003,-2.098049064681244,Epithelial,Tissue
cell5_131,2.9758311444861443,-0.9430598977533666,Epithelial,Tissue
cell5_132,1.9174459067297822,-2.491572486550871,Epithelial,Tissue
cell5_133,2.2895379126614315,-2.223909812985235,Epithelial,Tissue
cell5_134,1.445885259114605,-2.334037234535247,Epithelial,Tissue
cell5_135,1.3550478774749322,-2.57472187144515,Epithelial,Tissue
cell5_136,2.462993157949533,-2.0443940047679448,Epithelial,Tissue
cell5_137,1.4169497282985701,-2.002422753617125,Epithelial,Tissue
cell5_138,2.1120293268463777,-2.5008640138849247,Epithelial,Tissue
cell5_139,2.8901752174450865,-1.3551964730110164,Epithelial,Tissue
cell5_140,2.4030240355038335,-2.077075504248721,Epithelial,Tissue
cell5_141,2.9831980226110355,-1.5223142619680907,Epithelial,Tissue
cell5_142,0.9101245992486688,-2.1290059164311814,Epithelial,Tissue
cell5_143,1.9121016544767013,-2.096576842617097,Epithelial,Tissue
cell5_144,3.4139726368006293,-1.2919419143771194,Epithelial,Tissue
cell5_145,1.3980389727280778,-1.885457298936515,Epithelial,Tissue
cell5_146,2.2194659351639365,-2.1002840517657346,Epithelial,Tissue
cell5_147,1.4613218178162877,-2.298461227332192,Epithelial,Tissue
cell5_148,2.4876423891098147,-1.4533820420727115,Epithelial,Tissue
cell5_149,2.926440586196712,-1.485958207936663,Epithelial,Tissue
cell5_150,2.6298413580873934,-1.5832981714497354,Epithelial,Tissue
cell5_151,2.3805964741055408,-2.5146346725899176,Epithelial,Tissue
cell5_152,2.79667374064138,-2.1728924301624435,Epithelial,Tissue
cell5_153,1.2334039961543601,-1.8729979260715486,Epithelial,Tissue
cell5_154,1.5000950742466532,-2.299347072749706,Epithelial,Tissue
cell5_155,2.962427284385857,-1.275925631756809,Epithelial,Tissue
cell5_156,1.393984707078058,-1.8646026637982052,Epithelial,Tissue
cell5_157,2.3413343305048753,-2.5378060163144847,Epithelial,Tissue
cell5_158,2.2733351163617943,-1.8475329266945486,Epithelial,Tissue
cell5_159,1.708015593847101,-1.6842755402277834,Epithelial,Tissue
cell5_160,2.297476976285455,-1.4503229399947757,Epithelial,Tissue
cell5_161,1.7643962483462636,-2.304550512294974,Epithelial,Tissue
cell5_162,2.1624486746817664,-1.913735480875663,Epithelial,Tissue
cell5_163,1.5539147223841159,-1.941709665618561,Epithelial,Tissue
cell5_164,1.4954586065695614,-1.8271034418688896,Epithelial,Tissue
cell5_165,2.6728120379825695,-1.3550352685246363,Epithelial,Tissue
cell5_166,1.5661828439945364,-2.1291901611234967,Epithelial,Tissue
cell5_167,2.5040258466716394,-1.8807711383462133,Epithelial,Tissue
cell5_168,2.4736833405744343,-1.3894773355888481,Epithelial,Tissue
cell5_169,1.9263506922747307,-1.806123743270958,Epithelial,Tissue
cell5_170,2.6881944763097394,-1.9105342315926515,Epithelial,Tissue
cell5_171,1.734550516490738,-2.56247813506901,Epithelial,Tissue
cell5_172,2.675549537156088,-1.5717984592286842,Epithelial,Tissue
cell5_173,0.5167096764759775,-3.140008798240146,Epithelial,Tissue
cell5_174,1.3751558396703625,-1.8786464659681714,Epithelial,Tissue
cell5_175,0.7277669609506352,-1.7299182017127,Epithelial,Tissue
cell5_176,3.079069319415162,-1.0290270869848133,Epithelial,Tissue
cell5_177,1.616783282352952,-3.502187617842707,Epithelial,Tissue
cell5_178,1.521388159410713,-2.670320720582197,Epithelial,Tissue
cell5_179,0.6955488926547684,-2.6691915306571206,Epithelial,Tissue
cell5_180,2.322996210323384,-0.985258643483188,Epithelial,Tissue
cell5_181,2.4485863025797183,-1.9481662132040731,Epithelial,Tissue
cell5_182,1.7020508671355845,-2.854389649037135,Epithelial,Tissue
cell5_183,2.761868879102889,-2.9407549047345904,Epithelial,Tissue
cell5_184,1.5855184796088357,-2.239356621582382,Epithelial,Tissue
cell5_185,2.7826918675011965,-2.218732106184072,Epithelial,Tissue
cell5_186,1.6337690452178835,-2.3230255435894445,Epithelial,Tissue
cell5_187,1.2092026181335722,-1.9869694335494505,Epithelial,Tissue
cell5_188,1.6511419578572215,-2.2084293860121855,Epithelial,Tissue
cell5_189,2.463194051948091,-2.367349105956288,Epithelial,Tissue
cell5_190,3.244332785058845,-2.187517578677759,Epithelial,Tissue
cell5_191,1.114175509381095,-2.583752753795643,Epithelial,Tissue
cell5_192,1.4116127309510111,-2.198365905199175,Epithelial,Tissue
cell5_193,2.759877253732926,-3.2200527945258344,Epithelial,Tissue
cell5_194,2.2352527353959903,-1.538012791443975,Epithelial,Tissue
cell5_195,2.330726846592956,-2.7645170860914003,Epithelial,Tissue
cell5_196,2.7394484697946457,-1.65752548022083,Epithelial,Tissue
cell5_197,2.078023804739823,-2.7069603758865943,Epithelial,Tissue
cell5_198,1.979740697513449,-2.076357295087175,Epithelial,Tissue
cell5_199,0.12790301464423814,-3.345347570871911,Epithelial,Tissue
cell5_200,0.366748011798566,-2.9946982750864977,Epithelial,Tissue
cell5_201,1.525706067385273,-2.8301274442266666,Epithelial,Tissue
cell5_202,2.498589249565444,-2.1455391972595934,Epithelial,Tissue
cell5_203,2.9096867331504996,-1.988938225168079,Epithelial,Tissue
cell5_204,2.5403030226458663,-1.5538516047611222,Epithelial,Tissue
cell5_205,1.6613668885925494,-2.754642376068381,Epithelial,Tissue
cell5_206,1.8570915901789,-1.6015851665183733,Epithelial,Tissue
cell5_207,2.160433916453522,-1.4860799883941835,Epithelial,Tissue
cell5_208,1.886902382109469,-1.757437411136601,Epithelial,Tissue
cell5_209,3.1570532946050207,-1.8128118866657417,Epithelial,Tissue
cell5_210,3.1879118767186565,-1.9035045424233945,Epithelial,Tissue
cell5_211,2.7334631252039374,-2.6565407462513533,Epithelial,Tissue
cell5_212,2.411236875357595,-2.0103002222662916,Epithelial,Tissue
cell5_213,1.631759305188396,-1.990330300646186,Epithelial,Tissue
cell5_214,0.9832665270100025,-2.3273911642014355,Epithelial,Tissue
cell5_215,1.1638843205588154,-1.8360242917274312,Epithelial,Tissue
cell5_216,2.449935216580575,-1.8215161314727844,Epithelial,Tissue
cell5_217,2.2709934561936356,-1.9814097507243331,Epithelial,Tissue
cell5_218,2.1103191829579813,-2.333783480045275,Epithelial,Tissue
cell5_219,0.9177875374158038,-2.470451376509824,Epithelial,Tissue
cell5_220,0.7420987131145826,-2.7839441826443547,Epithelial,Tissue
cell5_221,2.7623881609567205,-2.139056865292631,Epithelial,Tissue
cell5_222,1.7036176746085803,-1.67975878057659,Epithelial,Tissue
cell5_223,2.6233802172143643,-2.0703911360132743,Epithelial,Tissue
cell5_224,1.6362329544174128,-2.81447282064282,Epithelial,Tissue
cell5_225,1.2758505168646228,-2.869446652798464,Epithelial,Tissue
cell5_226,1.8955034395789954,-2.4378332516850785,Epithelial,Tissue
cell5_227,1.6941296010090579,-2.0222971033041612,Epithelial,Tissue
cell5_228,0.9912314370523101,-2.3525470483818096,Epithelial,Tissue
cell5_229,0.23616255449722945,-2.6925683208880935,Epithelial,Tissue
cell5_230,1.4760267928738315,-1.7270381646856015,Epithelial,Tissue
cell5_231,2.4096123697876815,-2.345226216422189,Epithelial,Tissue
cell5_232,1.5625004679867356,-1.57754945168464,Epithelial,Tissue
cell5_233,3.263905032240843,-1.3077362781742847,Epithelial,Tissue
cell5_234,2.4209731558335896,-1.548639468743628,Epithelial,Tissue
cell5_235,1.2655478501951918,-1.5343021271229573,Epithelial,Tissue
cell5_236,2.5519526996268573,-1.2577502079875797,Epithelial,Tissue
cell5_237,2.5321146227236295,-1.8074845520623803,Epithelial,Tissue
cell5_238,2.579500742077525,-1.1762039533611814,Epithelial,Tissue
cell5_239,1.5714247434312458,-2.1254857673415293,Epithelial,Tissue
cell5_240,1.29825955528353,-2.430929834697278,Epithelial,Tissue
cell5_241,1.7999761652334958,-1.3092481671319307,Epithelial,Tissue
cell5_242,1.1035658021173869,-2.015047299245578,Epithelial,Tissue
cell5_243,2.5964069139865082,-1.9478663117565338,Epithelial,Tissue
cell5_244,2.447852071580349,-1.5394099382627333,Epithelial,Tissue
cell5_245,1.3696116737017685,-2.406936221598413,Epithelial,Tissue
cell5_246,1.9488836063172281,-2.1486054737179683,Epithelial,Tissue
cell5_247,0.9001655360841381,-2.5941145778650125,Epithelial,Tissue
cell5_248,2.9257176716673485,-1.2634247955900544,Epithelial,Tissue
cell5_249,1.983049024894145,-2.0292980496502757,Epithelial,Tissue
cell5_250,3.882262571158577,-1.5773600770112957,Epithelial,Tissue
cell5_251,2.354590608817912,-2.120345209011124,Epithelial,Tissue
cell5_252,2.0188289551959926,-1.4839285892630572,Epithelial,Tissue
cell5_253,2.956321409980633,-1.5615859347222885,Epithelial,Tissue
cell5_254,1.0273303025743337,-2.2180586334190533,Epithelial,Tissue
cell5_255,2.491938506959096,-1.9280940894918777,Epithelial,Tissue
cell5_256,2.1743166296663587,-1.409099669405168,Epithelial,Tissue
cell5_257,2.785059137317031,-1.266121915704601,Epithelial,Tissue
cell5_258,2.047365618394725,-1.6086638710297696,Epithelial,Tissue
cell5_259,1.1949024735818088,-1.8524443789460463,Epithelial,Tissue
