id,x,y,value,section,region
p0,400,75,0.2186822392373245,section-01,Region A
p1,425,75,0.2146276162407465,section-01,Region A
p2,450,75,0.24184032952943996,section-01,Region A
p3,475,75,0.25742661862327426,section-01,Region A
p4,500,75,0.2129811391140853,section-01,Region B
p5,525,75,0.2961979595231499,section-01,Region B
p6,550,75,0.3107179613079225,section-01,Region B
p7,575,75,0.38201796154631684,section-01,Region B
p8,600,75,0.38846630940806526,section-01,Region B
p9,625,75,0.3362288529456676,section-01,Region B
p10,650,75,0.4015870752636316,section-01,Region B
p11,675,75,0.35297650675488046,section-01,Region B
p12,700,75,0.3465416075591571,section-01,Region B
p13,300,100,0.10669002001078684,section-01,Region A
p14,325,100,0.1077237454484421,section-01,Region A
p15,350,100,0.18315260743088824,section-01,Region A
p16,375,100,0.16650183972205335,section-01,Region A
p17,400,100,0.15781093385240627,section-01,Region A
p18,425,100,0.2178499947862744,section-01,Region A
p19,450,100,0.25211211857380744,section-01,Region A
p20,475,100,0.34202828538258506,section-01,Region A
p21,500,100,0.3439591922841843,section-01,Region B
p22,525,100,0.29904541153732594,section-01,Region B
p23,550,100,0.44393932298784317,section-01,Region B
p24,575,100,0.468460507586621,section-01,Region B
p25,600,100,0.48525382858079424,section-01,Region B
p26,625,100,0.3998842640763146,section-01,Region B
p27,650,100,0.4477760267006173,section-01,Region B
p28,675,100,0.450651925495909,section-01,Region B
p29,700,100,0.47861601450408875,section-01,Region B
p30,725,100,0.4076377661580647,section-01,Region B
p31,750,100,0.3923809075451212,section-01,Region B
p32,775,100,0.42379521650616464,section-01,Region B
p33,800,100,0.35004619699901995,section-01,Region B
p34,250,125,0.07306754749864597,section-01,Region A
p35,275,125,0.14763692500733885,section-01,Region A
p36,300,125,0.1528372994317862,section-01,Region A
p37,325,125,0.09602162184689236,section-01,Region A
p38,350,125,0.2364587329203524,section-01,Region A
p39,375,125,0.255469557805453,section-01,Region A
p40,400,125,0.19800248058224543,section-01,Region A
p41,425,125,0.32294959818502134,section-01,Region A
p42,450,125,0.3438399602191699,section-01,Region A
p43,475,125,0.42033292938210964,section-01,Region A
p44,500,125,0.3873816558821536,section-01,Region B
p45,525,125,0.4869745037593817,section-01,Region B
p46,550,125,0.5421079449045892,section-01,Region B
p47,575,125,0.5022679273990853,section-01,Region B
p48,600,125,0.5604539719434941,section-01,Region B
p49,625,125,0.582657162638183,section-01,Region B
p50,650,125,0.5428487909646356,section-01,Region B
p51,675,125,0.5534016021849582,section-01,Region B
p52,700,125,0.5639788660410949,section-01,Region B
p53,725,125,0.5109679956163992,section-01,Region B
p54,750,125,0.5724699777307576,section-01,Region B
p55,775,125,0.5014949539958662,section-01,Region B
p56,800,125,0.448249798822165,section-01,Region B
p57,825,125,0.38736091379756377,section-01,Region B
p58,850,125,0.43954107887521016,section-01,Region B
p59,200,150,0.053007071511264395,section-01,Region A
p60,225,150,0.13045552281711992,section-01,Region A
p61,250,150,0.07189809907018113,section-01,Region A
p62,275,150,0.13106549952248614,section-01,Region A
p63,300,150,0.18748170735356287,section-01,Region A
p64,325,150,0.12571087392830071,section-01,Region A
p65,350,150,0.21948683879280617,section-01,Region A
p66,375,150,0.29090553312428213,section-01,Region A
p67,400,150,0.3320025215559584,section-01,Region A
p68,425,150,0.3228594837496095,section-01,Region A
p69,450,150,0.3823675722788712,section-01,Region A
p70,475,150,0.45736606363564586,section-01,Region A
p71,500,150,0.4815007295253337,section-01,Region B
p72,525,150,0.6091044523991026,section-01,Region B
p73,550,150,0.6288016087286056,section-01,Region B
p74,575,150,0.5929191456346999,section-01,Region B
p75,600,150,0.7217052568908899,section-01,Region B
p76,625,150,0.7560768700137778,section-01,Region B
p77,650,150,0.684054103499703,section-01,Region B
p78,675,150,0.7851586189145936,section-01,Region B
p79,700,150,0.6828100387314209,section-01,Region B
p80,725,150,0.695636522696751,section-01,Region B
p81,750,150,0.6854702204001177,section-01,Region B
p82,775,150,0.604457735964475,section-01,Region B
p83,800,150,0.605209098004738,section-01,Region B
p84,825,150,0.549590605788839,section-01,Region B
p85,850,150,0.4757282884738166,section-01,Region B
p86,875,150,0.4388764584265728,section-01,Region B
p87,900,150,0.3688852360359981,section-01,Region B
p88,175,175,0.034856098244814775,section-01,Region A
p89,200,175,0.10609931471020803,section-01,Region A
p90,225,175,0.11930956026464087,section-01,Region A
p91,250,175,0.14590000214044885,section-01,Region A
p92,275,175,0.09297513182049587,section-01,Region A
p93,300,175,0.12523893389842083,section-01,Region A
p94,325,175,0.2633625163070808,section-01,Region A
p95,350,175,0.21000122023690057,section-01,Region A
p96,375,175,0.3509791561023639,section-01,Region A
p97,400,175,0.34543986112626524,section-01,Region A
p98,425,175,0.4075516095191337,section-01,Region A
p99,450,175,0.4845170409684696,section-01,Region A
p100,475,175,0.5425429775070842,section-01,Region A
p101,500,175,0.6107878139125186,section-01,Region B
p102,525,175,0.655005195845541,section-01,Region B
p103,550,175,0.7704827122966103,section-01,Region B
p104,575,175,0.8498161546912834,section-01,Region B
p105,600,175,0.8732884863218076,section-01,Region B
p106,625,175,0.9268894487624202,section-01,Region B
p107,650,175,0.8584934900054472,section-01,Region B
p108,675,175,0.8735089613352462,section-01,Region B
p109,700,175,0.9234335695389505,section-01,Region B
p110,725,175,0.8142194500275336,section-01,Region B
p111,750,175,0.8769473534764524,section-01,Region B
p112,775,175,0.82904347990872,section-01,Region B
p113,800,175,0.7763732464611296,section-01,Region B
p114,825,175,0.6909474934425259,section-01,Region B
p115,850,175,0.6163953494542505,section-01,Region B
p116,875,175,0.5613535201092137,section-01,Region B
p117,900,175,0.48001889375363216,section-01,Region B
p118,925,175,0.4056664050032579,section-01,Region B
p119,150,200,0.06334577773478256,section-01,Region A
p120,175,200,0.05171689065340487,section-01,Region A
p121,200,200,0.13570483004988118,section-01,Region A
p122,225,200,0.06989484982904051,section-01,Region A
p123,250,200,0.1840858473593773,section-01,Region A
p124,275,200,0.1245741138488372,section-01,Region A
p125,300,200,0.20626748267968137,section-01,Region A
p126,325,200,0.23035313643561728,section-01,Region A
p127,350,200,0.2909011940251203,section-01,Region A
p128,375,200,0.3135414865324756,section-01,Region A
p129,400,200,0.4539791169088081,section-01,Region A
p130,425,200,0.4458446254120434,section-01,Region A
p131,450,200,0.5383193223965359,section-01,Region A
p132,475,200,0.6886407443032783,section-01,Region A
p133,500,200,0.6938594710271531,section-01,Region B
p134,525,200,0.8598701762478345,section-01,Region B
p135,550,200,0.8922111085799148,section-01,Region B
p136,575,200,0.921485679548873,section-01,Region B
p137,600,200,0.9925286293045816,section-01,Region B
p138,625,200,1.0432227215242964,section-01,Region B
p139,650,200,1.1055104689927429,section-01,Region B
p140,675,200,1.1453644108710623,section-01,Region B
p141,700,200,1.0790816651509103,section-01,Region B
p142,725,200,1.0487934680430873,section-01,Region B
p143,750,200,1.00814150558586,section-01,Region B
p144,775,200,0.9026487885709094,section-01,Region B
p145,800,200,0.8554006156305132,section-01,Region B
p146,825,200,0.7284239849765806,section-01,Region B
p147,850,200,0.6972561474058244,section-01,Region B
p148,875,200,0.5871655915493191,section-01,Region B
p149,900,200,0.4844963857184663,section-01,Region B
p150,925,200,0.42643586134388406,section-01,Region B
p151,950,200,0.37851637546410566,section-01,Region B
p152,125,225,0.06108217918746503,section-01,Region A
p153,150,225,0.1262504491255587,section-01,Region A
p154,175,225,0.13475893083453389,section-01,Region A
p155,200,225,0.13410780684036944,section-01,Region A
p156,225,225,0.14863567625754676,section-01,Region A
p157,250,225,0.1911593435079686,section-01,Region A
p158,275,225,0.21241399010308715,section-01,Region A
p159,300,225,0.2503367860506631,section-01,Region A
p160,325,225,0.2645354464229635,section-01,Region A
p161,350,225,0.3752771057899144,section-01,Region A
p162,375,225,0.4066892886711316,section-01,Region A
p163,400,225,0.46259334344824715,section-01,Region A
p164,425,225,0.52050924533868,section-01,Region A
p165,450,225,0.7153888033623553,section-01,Region A
p166,475,225,0.8157980818030921,section-01,Region A
p167,500,225,0.9253028307126114,section-01,Region B
p168,525,225,1.0080938888826085,section-01,Region B
p169,550,225,1.0914675150799726,section-01,Region B
p170,575,225,1.197489263868542,section-01,Region B
p171,600,225,1.2480800686070461,section-01,Region B
p172,625,225,1.2267167970969424,section-01,Region B
p173,650,225,1.2503175520503917,section-01,Region B
p174,675,225,1.3669853401994108,section-01,Region B
p175,700,225,1.265784267201551,section-01,Region B
p176,725,225,1.1964400528200203,section-01,Region B
p177,750,225,1.1889204357666645,section-01,Region B
p178,775,225,1.1652446785569113,section-01,Region B
p179,800,225,0.984038528294798,section-01,Region B
p180,825,225,0.9221640019681008,section-01,Region B
p181,850,225,0.7775530187969627,section-01,Region B
p182,875,225,0.7290402569537812,section-01,Region B
p183,900,225,0.5879045271840535,section-01,Region B
p184,925,225,0.5623613412708115,section-01,Region B
p185,950,225,0.4038938948231899,section-01,Region B
p186,975,225,0.33686770431772095,section-01,Region B
p187,100,250,0.049783224535904995,section-01,Region A
p188,125,250,0.07539046936546188,section-01,Region A
p189,150,250,0.064656628343371,section-01,Region A
p190,175,250,0.08200812871082028,section-01,Region A
p191,200,250,0.12809064131578915,section-01,Region A
p192,225,250,0.08792899584296295,section-01,Region A
p193,250,250,0.16904957108370106,section-01,Region A
p194,275,250,0.1875154210480111,section-01,Region A
p195,300,250,0.233908276301819,section-01,Region A
p196,325,250,0.30255143137122215,section-01,Region A
p197,350,250,0.41118981116065756,section-01,Region A
p198,375,250,0.47376928058613976,section-01,Region A
p199,400,250,0.5316768132659145,section-01,Region A
p200,425,250,0.664547704953179,section-01,Region A
p201,450,250,0.8049674792248591,section-01,Region A
p202,475,250,0.8827537616851006,section-01,Region A
p203,500,250,1.0624831735553688,section-01,Region B
p204,525,250,1.1904678532476396,section-01,Region B
p205,550,250,1.2903107675564995,section-01,Region B
p206,575,250,1.3814146751202776,section-01,Region B
p207,600,250,1.3800005320486342,section-01,Region B
p208,625,250,1.4697638582846537,section-01,Region B
p209,650,250,1.5042992262558015,section-01,Region B
p210,675,250,1.5012041358744261,section-01,Region B
p211,700,250,1.461317470902046,section-01,Region B
p212,725,250,1.4338579663316322,section-01,Region B
p213,750,250,1.4180029988725962,section-01,Region B
p214,775,250,1.2765653393371141,section-01,Region B
p215,800,250,1.2492469720671933,section-01,Region B
p216,825,250,1.0757718192144052,section-01,Region B
p217,850,250,1.0410887632272876,section-01,Region B
p218,875,250,0.8836996871116339,section-01,Region B
p219,900,250,0.7922587602563285,section-01,Region B
p220,925,250,0.6399836700828435,section-01,Region B
p221,950,250,0.5451907605120447,section-01,Region B
p222,975,250,0.4147071118955682,section-01,Region B
p223,1000,250,0.35478403149254095,section-01,Region B
p224,75,275,0.017717856144781847,section-01,Region A
p225,100,275,0.050282743207651234,section-01,Region A
p226,125,275,0.07459993082723027,section-01,Region A
p227,150,275,0.08215063857527397,section-01,Region A
p228,175,275,0.06996438975476095,section-01,Region A
p229,200,275,0.16545036233038218,section-01,Region A
p230,225,275,0.14513468064338442,section-01,Region A
p231,250,275,0.19105244148875275,section-01,Region A
p232,275,275,0.17952742818538345,section-01,Region A
p233,300,275,0.3226801334878189,section-01,Region A
p234,325,275,0.4020050521160382,section-01,Region A
p235,350,275,0.4581921126730632,section-01,Region A
p236,375,275,0.4937920599446408,section-01,Region A
p237,400,275,0.6109753589935235,section-01,Region A
p238,425,275,0.8183991138343619,section-01,Region A
p239,450,275,0.8696534230468893,section-01,Region A
p240,475,275,1.040252281417454,section-01,Region A
p241,500,275,1.2020524355322288,section-01,Region B
p242,525,275,1.3601850846797447,section-01,Region B
p243,550,275,1.4222042504379317,section-01,Region B
p244,575,275,1.5087357594990787,section-01,Region B
p245,600,275,1.664549047586049,section-01,Region B
p246,625,275,1.6807690455466637,section-01,Region B
p247,650,275,1.7319421682576748,section-01,Region B
p248,675,275,1.7226091363404072,section-01,Region B
p249,700,275,1.8027401154329201,section-01,Region B
p250,725,275,1.7443433964939532,section-01,Region B
p251,750,275,1.6443202097508895,section-01,Region B
p252,775,275,1.5283375934510441,section-01,Region B
p253,800,275,1.3886399575899353,section-01,Region B
p254,825,275,1.2187119866807448,section-01,Region B
p255,850,275,1.141049850943413,section-01,Region B
p256,875,275,0.9598800736486672,section-01,Region B
p257,900,275,0.8367416398387251,section-01,Region B
p258,925,275,0.7204549782788685,section-01,Region B
p259,950,275,0.6157966537253178,section-01,Region B
p260,975,275,0.46224303500596403,section-01,Region B
p261,1000,275,0.4080416290191928,section-01,Region B
p262,1025,275,0.35174208770721827,section-01,Region B
p263,75,300,0.012541983864855394,section-01,Region A
p264,100,300,0.024203460198736024,section-01,Region A
p265,125,300,0.059618012839218686,section-01,Region A
p266,150,300,0.14539732410653095,section-01,Region A
p267,175,300,0.16069858893882893,section-01,Region A
p268,200,300,0.12288304678920237,section-01,Region A
p269,225,300,0.18873268791608877,section-01,Region A
p270,250,300,0.18982212204780796,section-01,Region A
p271,275,300,0.31663856873468704,section-01,Region A
p272,300,300,0.29567658786936624,section-01,Region A
p273,325,300,0.3474179408780865,section-01,Region A
p274,350,300,0.4945472887298395,section-01,Region A
p275,375,300,0.620940360364536,section-01,Region A
p276,400,300,0.7543117029064341,section-01,Region A
p277,425,300,0.9225113552094187,section-01,Region A
p278,450,300,0.9713477557647864,section-01,Region A
p279,475,300,1.1549778363332794,section-01,Region A
p280,500,300,1.383860691262525,section-01,Region B
p281,525,300,1.4495007052445976,section-01,Region B
p282,550,300,1.629353357542809,section-01,Region B
p283,575,300,1.8398712471671679,section-01,Region B
p284,600,300,1.9488101010561976,section-01,Region B
p285,625,300,1.9942735246323766,section-01,Region B
p286,650,300,2.0538636507567,section-01,Region B
p287,675,300,2.0843552028229566,section-01,Region B
p288,700,300,2.0180058001481496,section-01,Region B
p289,725,300,1.9489491303056834,section-01,Region B
p290,750,300,1.7970842506834925,section-01,Region B
p291,775,300,1.674254267391959,section-01,Region B
p292,800,300,1.558744393442852,section-01,Region B
p293,825,300,1.4546881614493752,section-01,Region B
p294,850,300,1.2822616017728634,section-01,Region B
p295,875,300,1.1467308274880639,section-01,Region B
p296,900,300,1.0091837592483774,section-01,Region B
p297,925,300,0.8083749324498135,section-01,Region B
p298,950,300,0.6661199290544232,section-01,Region B
p299,975,300,0.6163542446633766,section-01,Region B
p300,1000,300,0.4136068147550892,section-01,Region B
p301,1025,300,0.3625943227663143,section-01,Region B
p302,75,325,0.06304767915720595,section-01,Region A
p303,100,325,0.06493537575327477,section-01,Region A
p304,125,325,0.06218621670513569,section-01,Region A
p305,150,325,0.13550758006697172,section-01,Region A
p306,175,325,0.07462249493130585,section-01,Region A
p307,200,325,0.1031745318326615,section-01,Region A
p308,225,325,0.191356336266717,section-01,Region A
p309,250,325,0.2638160391095207,section-01,Region A
p310,275,325,0.30919574964625823,section-01,Region A
p311,300,325,0.4084698222852223,section-01,Region A
p312,325,325,0.4332559992286148,section-01,Region A
p313,350,325,0.5106306023082738,section-01,Region A
p314,375,325,0.6822084070985471,section-01,Region A
p315,400,325,0.7699830786261294,section-01,Region A
p316,425,325,0.9891313308454776,section-01,Region A
p317,450,325,1.1268710071026946,section-01,Region A
p318,475,325,1.3777561432318923,section-01,Region A
p319,500,325,1.5337583876684064,section-01,Region B
p320,525,325,1.698234503160061,section-01,Region B
p321,550,325,1.9043429395753428,section-01,Region B
p322,575,325,2.0018943312747117,section-01,Region B
p323,600,325,2.054963954741042,section-01,Region B
p324,625,325,2.1683828861176124,section-01,Region B
p325,650,325,2.239179592605317,section-01,Region B
p326,675,325,2.273970163803128,section-01,Region B
p327,700,325,2.1933815540193913,section-01,Region B
p328,725,325,2.183463148876812,section-01,Region B
p329,750,325,2.062057551941046,section-01,Region B
p330,775,325,1.9284073272601523,section-01,Region B
p331,800,325,1.7741825477815958,section-01,Region B
p332,825,325,1.6271857608497904,section-01,Region B
p333,850,325,1.3960131526015327,section-01,Region B
p334,875,325,1.3128749069082852,section-01,Region B
p335,900,325,1.049776833679736,section-01,Region B
p336,925,325,0.939145242309962,section-01,Region B
p337,950,325,0.7918468895227945,section-01,Region B
p338,975,325,0.6816698501167465,section-01,Region B
p339,1000,325,0.4841090562589567,section-01,Region B
p340,1025,325,0.4474106460365577,section-01,Region B
p341,50,350,0.1236295734465536,section-01,Region A
p342,75,350,0.05622550301205416,section-01,Region A
p343,100,350,0.04854514437757916,section-01,Region A
p344,125,350,0.10149378095675929,section-01,Region A
p345,150,350,0.06175099586784048,section-01,Region A
p346,175,350,0.1527111500754692,section-01,Region A
p347,200,350,0.20968556973123717,section-01,Region A
p348,225,350,0.13934883026581307,section-01,Region A
p349,250,350,0.20952385295825393,section-01,Region A
p350,275,350,0.3037160475911148,section-01,Region A
p351,300,350,0.3714291893645529,section-01,Region A
p352,325,350,0.5390856432089776,section-01,Region A
p353,350,350,0.6324247104305943,section-01,Region A
p354,375,350,0.7502306724604827,section-01,Region A
p355,400,350,0.8984002279575957,section-01,Region A
p356,425,350,1.0132271256900298,section-01,Region A
p357,450,350,1.2872910569224678,section-01,Region A
p358,475,350,1.484546607934718,section-01,Region A
p359,500,350,1.6221832490589807,section-01,Region B
p360,525,350,1.847093046715867,section-01,Region B
p361,550,350,2.0704707490696537,section-01,Region B
p362,575,350,2.1501448251321227,section-01,Region B
p363,600,350,2.285701544571082,section-01,Region B
p364,625,350,2.4554059881882195,section-01,Region B
p365,650,350,2.4895197451564774,section-01,Region B
p366,675,350,2.5169896085399395,section-01,Region B
p367,700,350,2.4849844285031772,section-01,Region B
p368,725,350,2.3431423664716173,section-01,Region B
p369,750,350,2.249555961990563,section-01,Region B
p370,775,350,2.1403662387933142,section-01,Region B
p371,800,350,1.915201674362501,section-01,Region B
p372,825,350,1.762104710072112,section-01,Region B
p373,850,350,1.6021296681866468,section-01,Region B
p374,875,350,1.322802476888984,section-01,Region B
p375,900,350,1.129807589338511,section-01,Region B
p376,925,350,1.0536795988679977,section-01,Region B
p377,950,350,0.8930791479382881,section-01,Region B
p378,975,350,0.6596345102415311,section-01,Region B
p379,1000,350,0.5528934142312103,section-01,Region B
p380,1025,350,0.39553061916513943,section-01,Region B
p381,1050,350,0.38193666967368956,section-01,Region B
p382,50,375,0.0938265238418459,section-01,Region A
p383,75,375,0.06658793656036967,section-01,Region A
p384,100,375,0.13048406027397977,section-01,Region A
p385,125,375,0.0794941036834399,section-01,Region A
p386,150,375,0.0859366501261819,section-01,Region A
p387,175,375,0.0982376005644313,section-01,Region A
p388,200,375,0.11452023544533521,section-01,Region A
p389,225,375,0.16641847113461977,section-01,Region A
p390,250,375,0.292164893422809,section-01,Region A
p391,275,375,0.2884762091220876,section-01,Region A
p392,300,375,0.4419720545343916,section-01,Region A
p393,325,375,0.48147737508418187,section-01,Region A
p394,350,375,0.6524467249720447,section-01,Region A
p395,375,375,0.7597410479442942,section-01,Region A
p396,400,375,0.9283077906870799,section-01,Region A
p397,425,375,1.1778011831213206,section-01,Region A
p398,450,375,1.3132067698911953,section-01,Region A
p399,475,375,1.5679638602646822,section-01,Region A
p400,500,375,1.8215799735033251,section-01,Region B
p401,525,375,1.9975155715809625,section-01,Region B
p402,550,375,2.1932343592506527,section-01,Region B
p403,575,375,2.3852846844182665,section-01,Region B
p404,600,375,2.4772275128610604,section-01,Region B
p405,625,375,2.5907113138703335,section-01,Region B
p406,650,375,2.701668551417307,section-01,Region B
p407,675,375,2.682317408719365,section-01,Region B
p408,700,375,2.6269964739482194,section-01,Region B
p409,725,375,2.5639443348907895,section-01,Region B
p410,750,375,2.4217182955800354,section-01,Region B
p411,775,375,2.247532297308833,section-01,Region B
p412,800,375,2.168622815358224,section-01,Region B
p413,825,375,1.9385256465942482,section-01,Region B
p414,850,375,1.6429480919081751,section-01,Region B
p415,875,375,1.4293943052254146,section-01,Region B
p416,900,375,1.2195943524892696,section-01,Region B
p417,925,375,1.0202327056364817,section-01,Region B
p418,950,375,0.9305593923564944,section-01,Region B
p419,975,375,0.6837853425167985,section-01,Region B
p420,1000,375,0.6194278033149041,section-01,Region B
p421,1025,375,0.48975910824551105,section-01,Region B
p422,1050,375,0.3834505679267588,section-01,Region B
p423,50,400,0.0633373359093227,section-01,Region A
p424,75,400,0.09435538324803602,section-01,Region A
p425,100,400,0.07349964028750049,section-01,Region A
p426,125,400,0.05953179018157179,section-01,Region A
p427,150,400,0.061542672127125,section-01,Region A
p428,175,400,0.08175613006008016,section-01,Region A
p429,200,400,0.1911741352589405,section-01,Region A
p430,225,400,0.16171333251556533,section-01,Region A
p431,250,400,0.2745908377860789,section-01,Region A
p432,275,400,0.3667672540831296,section-01,Region A
p433,300,400,0.43540191517883464,section-01,Region A
p434,325,400,0.49852806053035686,section-01,Region A
p435,350,400,0.7045068861830911,section-01,Region A
p436,375,400,0.8703095948918117,section-01,Region A
p437,400,400,1.0464341499718568,section-01,Region A
p438,425,400,1.2438703789922907,section-01,Region A
p439,450,400,1.4768979210755437,section-01,Region A
p440,475,400,1.6471002759362052,section-01,Region A
p441,500,400,1.8460843793492003,section-01,Region B
p442,525,400,2.0938608554226583,section-01,Region B
p443,550,400,2.2762978629193125,section-01,Region B
p444,575,400,2.4936388820433453,section-01,Region B
p445,600,400,2.663619071133742,section-01,Region B
p446,625,400,2.807655765183473,section-01,Region B
p447,650,400,2.780205333568608,section-01,Region B
p448,675,400,2.899700231399568,section-01,Region B
p449,700,400,2.8132552558254553,section-01,Region B
p450,725,400,2.7748979482768337,section-01,Region B
p451,750,400,2.5934171279685145,section-01,Region B
p452,775,400,2.491999721597677,section-01,Region B
p453,800,400,2.2581753393007893,section-01,Region B
p454,825,400,2.060214917592315,section-01,Region B
p455,850,400,1.8069677683054517,section-01,Region B
p456,875,400,1.55498121878412,section-01,Region B
p457,900,400,1.3664957631395014,section-01,Region B
p458,925,400,1.147983369024399,section-01,Region B
p459,950,400,0.9296360318667973,section-01,Region B
p460,975,400,0.8186458652171693,section-01,Region B
p461,1000,400,0.6846253635285937,section-01,Region B
p462,1025,400,0.44657906495719263,section-01,Region B
p463,1050,400,0.38263078887882673,section-01,Region B
p464,50,425,0.030251864254569626,section-01,Region A
p465,75,425,0.07380850698749801,section-01,Region A
p466,100,425,0.13344630517694145,section-01,Region A
p467,125,425,0.1075055148399054,section-01,Region A
p468,150,425,0.1013845966031571,section-01,Region A
p469,175,425,0.1316684058298518,section-01,Region A
p470,200,425,0.14211112573361556,section-01,Region A
p471,225,425,0.222551377750314,section-01,Region A
p472,250,425,0.2365241712648912,section-01,Region A
p473,275,425,0.3544618628093908,section-01,Region A
p474,300,425,0.4442690772769471,section-01,Region A
p475,325,425,0.5195103216324446,section-01,Region A
p476,350,425,0.7659090819465508,section-01,Region A
p477,375,425,0.8897931631778879,section-01,Region A
p478,400,425,1.0069195792072259,section-01,Region A
p479,425,425,1.2398223912816724,section-01,Region A
p480,450,425,1.5368621034193246,section-01,Region A
p481,475,425,1.7676251629456081,section-01,Region A
p482,500,425,2.0140384809540937,section-01,Region B
p483,525,425,2.1526922043147185,section-01,Region B
p484,550,425,2.4635757749284175,section-01,Region B
p485,575,425,2.624523534027708,section-01,Region B
p486,600,425,2.7238434570307883,section-01,Region B
p487,625,425,2.8546602657265976,section-01,Region B
p488,650,425,2.953575201174648,section-01,Region B
p489,675,425,2.912742128045285,section-01,Region B
p490,700,425,2.937236577509646,section-01,Region B
p491,725,425,2.843581708475315,section-01,Region B
p492,750,425,2.695307623431014,section-01,Region B
p493,775,425,2.518436878501894,section-01,Region B
p494,800,425,2.2989367566856354,section-01,Region B
p495,825,425,2.132543956172269,section-01,Region B
p496,850,425,1.9026915861815188,section-01,Region B
p497,875,425,1.6828725285886856,section-01,Region B
p498,900,425,1.4306247620113182,section-01,Region B
p499,925,425,1.2221941827026137,section-01,Region B
p500,950,425,0.9820187064291663,section-01,Region B
p501,975,425,0.8181433411796434,section-01,Region B
p502,1000,425,0.7120526717732621,section-01,Region B
p503,1025,425,0.5520945636378409,section-01,Region B
p504,1050,425,0.4353971953571895,section-01,Region B
p505,50,450,0.020693387547269296,section-01,Region A
p506,75,450,0.10908337899831515,section-01,Region A
p507,100,450,0.07565984106548446,section-01,Region A
p508,125,450,0.14168655518330356,section-01,Region A
p509,150,450,0.05843410898996276,section-01,Region A
p510,175,450,0.13936036906420746,section-01,Region A
p511,200,450,0.20026138831449558,section-01,Region A
p512,225,450,0.22970692207528626,section-01,Region A
p513,250,450,0.26825867522635455,section-01,Region A
p514,275,450,0.31231144516101167,section-01,Region A
p515,300,450,0.4242071734518985,section-01,Region A
p516,325,450,0.5415742891386655,section-01,Region A
p517,350,450,0.6951676068280354,section-01,Region A
p518,375,450,0.8609082189893891,section-01,Region A
p519,400,450,1.0455099242505,section-01,Region A
p520,425,450,1.312889717539078,section-01,Region A
p521,450,450,1.5737931237940666,section-01,Region A
p522,475,450,1.7741044628589624,section-01,Region A
p523,500,450,1.9581674530244482,section-01,Region B
p524,525,450,2.2590993316193964,section-01,Region B
p525,550,450,2.4305284532675477,section-01,Region B
p526,575,450,2.6147000909546936,section-01,Region B
p527,600,450,2.814784353157589,section-01,Region B
p528,625,450,3.014500600284628,section-01,Region B
p529,650,450,3.059589341456708,section-01,Region B
p530,675,450,3.044394802491675,section-01,Region B
p531,700,450,3.0312370389694863,section-01,Region B
p532,725,450,2.946635138551202,section-01,Region B
p533,750,450,2.7445920211522363,section-01,Region B
p534,775,450,2.6412604276643177,section-01,Region B
p535,800,450,2.4405038318921783,section-01,Region B
p536,825,450,2.1563557252692087,section-01,Region B
p537,850,450,1.9262601343869103,section-01,Region B
p538,875,450,1.6353102438881861,section-01,Region B
p539,900,450,1.4521978661712882,section-01,Region B
p540,925,450,1.2353646360039594,section-01,Region B
p541,950,450,0.9815375223290894,section-01,Region B
p542,975,450,0.8605435497862971,section-01,Region B
p543,1000,450,0.6521653786625486,section-01,Region B
p544,1025,450,0.5178113369784407,section-01,Region B
p545,1050,450,0.41985123107988953,section-01,Region B
p546,75,475,0.10365095311798027,section-01,Region A
p547,100,475,0.07566710660591645,section-01,Region A
p548,125,475,0.08111725116295321,section-01,Region A
p549,150,475,0.086714005105398,section-01,Region A
p550,175,475,0.11699820471364478,section-01,Region A
p551,200,475,0.20419446180557588,section-01,Region A
p552,225,475,0.20025891597988169,section-01,Region A
p553,250,475,0.2927510564455196,section-01,Region A
p554,275,475,0.3910712074792134,section-01,Region A
p555,300,475,0.4685215466858578,section-01,Region A
p556,325,475,0.6382713806597673,section-01,Region A
p557,350,475,0.7117431310385404,section-01,Region A
p558,375,475,0.8584877328598438,section-01,Region A
p559,400,475,1.1474599435603179,section-01,Region A
p560,425,475,1.3071663500511803,section-01,Region A
p561,450,475,1.5333311737573179,section-01,Region A
p562,475,475,1.73140772868676,section-01,Region A
p563,500,475,2.0827144318442583,section-01,Region B
p564,525,475,2.2148332515215325,section-01,Region B
p565,550,475,2.504528257087001,section-01,Region B
p566,575,475,2.7268477524811767,section-01,Region B
p567,600,475,2.8186883048168156,section-01,Region B
p568,625,475,2.9631147077704023,section-01,Region B
p569,650,475,3.0114277035247334,section-01,Region B
p570,675,475,3.110861511513961,section-01,Region B
p571,700,475,3.0545947721709052,section-01,Region B
p572,725,475,2.903804530602557,section-01,Region B
p573,750,475,2.839193611586378,section-01,Region B
p574,775,475,2.555287475794362,section-01,Region B
p575,800,475,2.4127387125297854,section-01,Region B
p576,825,475,2.150534780871018,section-01,Region B
p577,850,475,1.884774178712956,section-01,Region B
p578,875,475,1.7294919426227406,section-01,Region B
p579,900,475,1.400119501671489,section-01,Region B
p580,925,475,1.1966440202084945,section-01,Region B
p581,950,475,0.9942639133755595,section-01,Region B
p582,975,475,0.8209992440696641,section-01,Region B
p583,1000,475,0.6819677117078555,section-01,Region B
p584,1025,475,0.5939938181015696,section-01,Region B
p585,75,500,0.02687346720546326,section-01,Region A
p586,100,500,0.11572725280585976,section-01,Region A
p587,125,500,0.08429284167568929,section-01,Region A
p588,150,500,0.06696694911104825,section-01,Region A
p589,175,500,0.19030618448313108,section-01,Region A
p590,200,500,0.16770173492981771,section-01,Region A
p591,225,500,0.2559866629543176,section-01,Region A
p592,250,500,0.2456320668951928,section-01,Region A
p593,275,500,0.32907152513696597,section-01,Region A
p594,300,500,0.49367268449013246,section-01,Region A
p595,325,500,0.5943628920455091,section-01,Region A
p596,350,500,0.7642998102063974,section-01,Region A
p597,375,500,0.8334653931374436,section-01,Region A
p598,400,500,1.080875912530439,section-01,Region A
p599,425,500,1.3089339700710736,section-01,Region A
p600,450,500,1.5666214537498995,section-01,Region A
p601,475,500,1.737202516818823,section-01,Region A
p602,500,500,2.0458701150968888,section-01,Region B
p603,525,500,2.290063664142098,section-01,Region B
p604,550,500,2.476606884363828,section-01,Region B
p605,575,500,2.693457358147477,section-01,Region B
p606,600,500,2.7765058171449852,section-01,Region B
p607,625,500,2.878082239752013,section-01,Region B
p608,650,500,2.9791886487961476,section-01,Region B
p609,675,500,2.9793955217690304,section-01,Region B
p610,700,500,3.0316293211210925,section-01,Region B
p611,725,500,2.8434993806318443,section-01,Region B
p612,750,500,2.795624112731775,section-01,Region B
p613,775,500,2.625361702298237,section-01,Region B
p614,800,500,2.364712774796667,section-01,Region B
p615,825,500,2.203434430085337,section-01,Region B
p616,850,500,1.9627503303216873,section-01,Region B
p617,875,500,1.7190611898335206,section-01,Region B
p618,900,500,1.4664642296404145,section-01,Region B
p619,925,500,1.201066720813721,section-01,Region B
p620,950,500,1.0197242323940978,section-01,Region B
p621,975,500,0.8035472685327966,section-01,Region B
p622,1000,500,0.7049989194996658,section-01,Region B
p623,1025,500,0.48645184367326594,section-01,Region B
p624,75,525,0.02425752876679773,section-01,Region A
p625,100,525,0.13658870797768552,section-01,Region A
p626,125,525,0.10663667281357611,section-01,Region A
p627,150,525,0.1491333819948898,section-01,Region A
p628,175,525,0.18388471636204298,section-01,Region A
p629,200,525,0.2249418194158304,section-01,Region A
p630,225,525,0.25810389078952917,section-01,Region A
p631,250,525,0.2585074820644175,section-01,Region A
p632,275,525,0.2973433279151423,section-01,Region A
p633,300,525,0.45607816633197656,section-01,Region A
p634,325,525,0.6023024707401679,section-01,Region A
p635,350,525,0.7176861748455476,section-01,Region A
p636,375,525,0.8258642616456968,section-01,Region A
p637,400,525,1.0589871058290612,section-01,Region A
p638,425,525,1.3058062271040842,section-01,Region A
p639,450,525,1.458028575882283,section-01,Region A
p640,475,525,1.6875673897566281,section-01,Region A
p641,500,525,1.977959460573673,section-01,Region B
p642,525,525,2.1770731774418643,section-01,Region B
p643,550,525,2.3295797437200467,section-01,Region B
p644,575,525,2.5897216328659907,section-01,Region B
p645,600,525,2.756825657630067,section-01,Region B
p646,625,525,2.8870875783660237,section-01,Region B
p647,650,525,2.881071613852325,section-01,Region B
p648,675,525,2.876181764592512,section-01,Region B
p649,700,525,2.937332355019403,section-01,Region B
p650,725,525,2.754522500995435,section-01,Region B
p651,750,525,2.6499554309538476,section-01,Region B
p652,775,525,2.487434887219581,section-01,Region B
p653,800,525,2.2642656651920654,section-01,Region B
p654,825,525,2.122393125494612,section-01,Region B
p655,850,525,1.8063416384272402,section-01,Region B
p656,875,525,1.6271427830172882,section-01,Region B
p657,900,525,1.4208317023049244,section-01,Region B
p658,925,525,1.1594101496201192,section-01,Region B
p659,950,525,0.9322361204459972,section-01,Region B
p660,975,525,0.7447357724071805,section-01,Region B
p661,1000,525,0.6415779982654358,section-01,Region B
p662,1025,525,0.47739744728841227,section-01,Region B
p663,100,550,0.08616091877589308,section-01,Region A
p664,125,550,0.038776963481486494,section-01,Region A
p665,150,550,0.09640367210463063,section-01,Region A
p666,175,550,0.1916799722213751,section-01,Region A
p667,200,550,0.19556514845430417,section-01,Region A
p668,225,550,0.16786066378417683,section-01,Region A
p669,250,550,0.2540200234015051,section-01,Region A
p670,275,550,0.37907188748601056,section-01,Region A
p671,300,550,0.40110517579697474,section-01,Region A
p672,325,550,0.5741856001687629,section-01,Region A
p673,350,550,0.6574088368592681,section-01,Region A
p674,375,550,0.8579364378116618,section-01,Region A
p675,400,550,0.9565808706432825,section-01,Region A
p676,425,550,1.1874819271200643,section-01,Region A
p677,450,550,1.4434439384240585,section-01,Region A
p678,475,550,1.6727689269622654,section-01,Region A
p679,500,550,1.8717722553795442,section-01,Region B
p680,525,550,2.086009962999827,section-01,Region B
p681,550,550,2.323197920510923,section-01,Region B
p682,575,550,2.477910864516548,section-01,Region B
p683,600,550,2.6383284827603437,section-01,Region B
p684,625,550,2.703971725989067,section-01,Region B
p685,650,550,2.7231844829818104,section-01,Region B
p686,675,550,2.8389189615299713,section-01,Region B
p687,700,550,2.7750345620624626,section-01,Region B
p688,725,550,2.6534063179803455,section-01,Region B
p689,750,550,2.5457755784750575,section-01,Region B
p690,775,550,2.3301288762227355,section-01,Region B
p691,800,550,2.1872345968291134,section-01,Region B
p692,825,550,1.9515979613483045,section-01,Region B
p693,850,550,1.7927416037747756,section-01,Region B
p694,875,550,1.5500028202506826,section-01,Region B
p695,900,550,1.319723315857473,section-01,Region B
p696,925,550,1.127875961042844,section-01,Region B
p697,950,550,0.8804840355675138,section-01,Region B
p698,975,550,0.8163905962666324,section-01,Region B
p699,1000,550,0.6185465491090453,section-01,Region B
p700,125,575,0.14493334358740406,section-01,Region A
p701,150,575,0.06129387211583823,section-01,Region A
p702,175,575,0.110070050233925,section-01,Region A
p703,200,575,0.20775380286828343,section-01,Region A
p704,225,575,0.1734456691881348,section-01,Region A
p705,250,575,0.2687985125786475,section-01,Region A
p706,275,575,0.3447580390861411,section-01,Region A
p707,300,575,0.42629718150637586,section-01,Region A
p708,325,575,0.535996674292476,section-01,Region A
p709,350,575,0.6413169384328936,section-01,Region A
p710,375,575,0.7928382787955982,section-01,Region A
p711,400,575,0.9994602502205352,section-01,Region A
p712,425,575,1.1272042383375218,section-01,Region A
p713,450,575,1.3370886580970776,section-01,Region A
p714,475,575,1.5600496750985935,section-01,Region A
p715,500,575,1.7293905087314214,section-01,Region B
p716,525,575,1.9052364500589891,section-01,Region B
p717,550,575,2.112117334609552,section-01,Region B
p718,575,575,2.2590449141785798,section-01,Region B
p719,600,575,2.4722805874638194,section-01,Region B
p720,625,575,2.5825907160158397,section-01,Region B
p721,650,575,2.6030803362912995,section-01,Region B
p722,675,575,2.556240455761369,section-01,Region B
p723,700,575,2.5661276035183405,section-01,Region B
p724,725,575,2.461233106102437,section-01,Region B
p725,750,575,2.3493257190112935,section-01,Region B
p726,775,575,2.180213980981417,section-01,Region B
p727,800,575,2.058763601701966,section-01,Region B
p728,825,575,1.8265004957648596,section-01,Region B
p729,850,575,1.7090424578306194,section-01,Region B
p730,875,575,1.4597047534899543,section-01,Region B
p731,900,575,1.1982491985839225,section-01,Region B
p732,925,575,1.0418532751370873,section-01,Region B
p733,950,575,0.8234799707072068,section-01,Region B
p734,975,575,0.7660828931021932,section-01,Region B
p735,150,600,0.11967168926881669,section-01,Region A
p736,175,600,0.09831325429709685,section-01,Region A
p737,200,600,0.11157712775688022,section-01,Region A
p738,225,600,0.21898301376358653,section-01,Region A
p739,250,600,0.20948877139576622,section-01,Region A
p740,275,600,0.34229295512318747,section-01,Region A
p741,300,600,0.40977542753392543,section-01,Region A
p742,325,600,0.45406698164769,section-01,Region A
p743,350,600,0.6369168943322483,section-01,Region A
p744,375,600,0.6833296248884667,section-01,Region A
p745,400,600,0.9073386717365757,section-01,Region A
p746,425,600,1.0487760525584013,section-01,Region A
p747,450,600,1.2258937375936763,section-01,Region A
p748,475,600,1.3520550478363096,section-01,Region A
p749,500,600,1.5759543723526446,section-01,Region B
p750,525,600,1.7571289671643053,section-01,Region B
p751,550,600,1.9892992275092045,section-01,Region B
p752,575,600,2.065739482983302,section-01,Region B
p753,600,600,2.2357035237785805,section-01,Region B
p754,625,600,2.3900030817098714,section-01,Region B
p755,650,600,2.4343097883395965,section-01,Region B
p756,675,600,2.405520736833511,section-01,Region B
p757,700,600,2.370520923419411,section-01,Region B
p758,725,600,2.2440534893567867,section-01,Region B
p759,750,600,2.2302168274509064,section-01,Region B
p760,775,600,2.083084844614792,section-01,Region B
p761,800,600,1.9301137982414784,section-01,Region B
p762,825,600,1.6892734652833696,section-01,Region B
p763,850,600,1.4818107165790797,section-01,Region B
p764,875,600,1.2890089680019226,section-01,Region B
p765,900,600,1.1127878339575112,section-01,Region B
p766,925,600,0.9502228224505767,section-01,Region B
p767,950,600,0.7820160000525542,section-01,Region B
p768,175,625,0.15571967174844095,section-01,Region A
p769,200,625,0.1081294506639656,section-01,Region A
p770,225,625,0.16659271630562433,section-01,Region A
p771,250,625,0.2791560272527272,section-01,Region A
p772,275,625,0.29969691908681945,section-01,Region A
p773,300,625,0.39874571642746703,section-01,Region A
p774,325,625,0.46056601617484594,section-01,Region A
p775,350,625,0.5398683230262387,section-01,Region A
p776,375,625,0.6460739637768962,section-01,Region A
p777,400,625,0.8441715861904832,section-01,Region A
p778,425,625,0.8901656164703574,section-01,Region A
p779,450,625,1.0986110416188077,section-01,Region A
p780,475,625,1.2272439980424479,section-01,Region A
p781,500,625,1.4759009149205788,section-01,Region B
p782,525,625,1.590299504379018,section-01,Region B
p783,550,625,1.828793348945267,section-01,Region B
p784,575,625,1.9430266233787274,section-01,Region B
p785,600,625,2.0842874140377963,section-01,Region B
p786,625,625,2.079374983580541,section-01,Region B
p787,650,625,2.1466843464195575,section-01,Region B
p788,675,625,2.2029648440531764,section-01,Region B
p789,700,625,2.119448593037793,section-01,Region B
p790,725,625,2.108624748298132,section-01,Region B
p791,750,625,1.9382969012029978,section-01,Region B
p792,775,625,1.884448487134431,section-01,Region B
p793,800,625,1.6956798588615507,section-01,Region B
p794,825,625,1.5041172360284178,section-01,Region B
p795,850,625,1.4108869426640926,section-01,Region B
p796,875,625,1.2234720163887407,section-01,Region B
p797,900,625,1.0453127851236674,section-01,Region B
p798,925,625,0.8712805441906968,section-01,Region B
p799,200,650,0.08794544958146136,section-01,Region A
p800,225,650,0.12288906499534108,section-01,Region A
p801,250,650,0.20843887436424915,section-01,Region A
p802,275,650,0.2044308390635132,section-01,Region A
p803,300,650,0.3015972864200529,section-01,Region A
p804,325,650,0.4231297901503027,section-01,Region A
p805,350,650,0.5055521143069642,section-01,Region A
p806,375,650,0.6352543967017412,section-01,Region A
p807,400,650,0.711498232431503,section-01,Region A
p808,425,650,0.8504041471326251,section-01,Region A
p809,450,650,1.0177822155830216,section-01,Region A
p810,475,650,1.1068561775075638,section-01,Region A
p811,500,650,1.3244100636177132,section-01,Region B
p812,525,650,1.4603004473707588,section-01,Region B
p813,550,650,1.6204961513818559,section-01,Region B
p814,575,650,1.7134945872311036,section-01,Region B
p815,600,650,1.7736336957707224,section-01,Region B
p816,625,650,1.8641108407661056,section-01,Region B
p817,650,650,1.8924577111921423,section-01,Region B
p818,675,650,1.8938787795882055,section-01,Region B
p819,700,650,1.8636741599386604,section-01,Region B
p820,725,650,1.8207373348540343,section-01,Region B
p821,750,650,1.8029687827097027,section-01,Region B
p822,775,650,1.6341095193203539,section-01,Region B
p823,800,650,1.5743673993749157,section-01,Region B
p824,825,650,1.382574295829553,section-01,Region B
p825,850,650,1.1688276060282086,section-01,Region B
p826,875,650,1.1000860765834728,section-01,Region B
p827,900,650,0.9349772599048654,section-01,Region B
p828,250,675,0.20075499410282066,section-01,Region A
p829,275,675,0.1715428215115044,section-01,Region A
p830,300,675,0.31386012977359395,section-01,Region A
p831,325,675,0.31295654134058415,section-01,Region A
p832,350,675,0.4174700836150998,section-01,Region A
p833,375,675,0.47503658173473984,section-01,Region A
p834,400,675,0.5674265559791899,section-01,Region A
p835,425,675,0.6991225255904823,section-01,Region A
p836,450,675,0.8404831662024672,section-01,Region A
p837,475,675,0.9592785336906031,section-01,Region A
p838,500,675,1.0888203988433753,section-01,Region B
p839,525,675,1.2958005954560252,section-01,Region B
p840,550,675,1.3887759545472562,section-01,Region B
p841,575,675,1.441746744043428,section-01,Region B
p842,600,675,1.5612240739049825,section-01,Region B
p843,625,675,1.6751371947678988,section-01,Region B
p844,650,675,1.623951689691954,section-01,Region B
p845,675,675,1.7022304305087008,section-01,Region B
p846,700,675,1.7049035808237023,section-01,Region B
p847,725,675,1.6514430391820138,section-01,Region B
p848,750,675,1.4839512995565878,section-01,Region B
p849,775,675,1.4625043316878794,section-01,Region B
p850,800,675,1.2911298446196995,section-01,Region B
p851,825,675,1.2374798438588448,section-01,Region B
p852,850,675,1.0926627639263917,section-01,Region B
p853,300,700,0.2519171929977707,section-01,Region A
p854,325,700,0.3001538946005481,section-01,Region A
p855,350,700,0.3775413005413945,section-01,Region A
p856,375,700,0.4340822276030758,section-01,Region A
p857,400,700,0.5294892215536618,section-01,Region A
p858,425,700,0.6233799500261495,section-01,Region A
p859,450,700,0.7779528675282086,section-01,Region A
p860,475,700,0.8090838374503586,section-01,Region A
p861,500,700,1.0037802194467325,section-01,Region B
p862,525,700,1.0290548727414626,section-01,Region B
p863,550,700,1.158878729148599,section-01,Region B
p864,575,700,1.3055565398700422,section-01,Region B
p865,600,700,1.3275680198269757,section-01,Region B
p866,625,700,1.3562027076877994,section-01,Region B
p867,650,700,1.4581114976733598,section-01,Region B
p868,675,700,1.3849464646323568,section-01,Region B
p869,700,700,1.466841217130228,section-01,Region B
p870,725,700,1.3502230969353728,section-01,Region B
p871,750,700,1.3291503274755154,section-01,Region B
p872,775,700,1.2790706876116986,section-01,Region B
p873,800,700,1.1107856420605,section-01,Region B
p874,400,725,0.48556477801325976,section-01,Region A
p875,425,725,0.599594324498523,section-01,Region A
p876,450,725,0.6310161434714788,section-01,Region A
p877,475,725,0.7181442895575496,section-01,Region A
p878,500,725,0.8773083725472428,section-01,Region B
p879,525,725,0.8993329602059631,section-01,Region B
p880,550,725,1.0340593132441385,section-01,Region B
p881,575,725,1.1161770112800191,section-01,Region B
p882,600,725,1.0812149344145572,section-01,Region B
p883,625,725,1.185112033770687,section-01,Region B
p884,650,725,1.1866043887818638,section-01,Region B
p885,675,725,1.1778956319295142,section-01,Region B
p886,700,725,1.2250777459133322,section-01,Region B
