gene,time,value,module
Gene 13,0.0,0.10001329089230224,Middle
Gene 13,0.01694915254237288,0.10003064717813737,Middle
Gene 13,0.03389830508474576,0.10006862716997905,Middle
Gene 13,0.05084745762711865,0.10014923508275923,Middle
Gene 13,0.06779661016949153,0.10031514833356185,Middle
Gene 13,0.0847457627118644,0.10064629134909824,Middle
Gene 13,0.1016949152542373,0.10128709592090354,Middle
Gene 13,0.11864406779661017,0.10248921682972462,Middle
Gene 13,0.13559322033898305,0.10467502337593457,Middle
Gene 13,0.15254237288135594,0.10852656463199387,Middle
Gene 13,0.1694915254237288,0.11510197105318132,Middle
Gene 13,0.1864406779661017,0.12597541064714518,Middle
Gene 13,0.2033898305084746,0.14338708315041207,Middle
Gene 13,0.22033898305084745,0.17037651056308462,Middle
Gene 13,0.23728813559322035,0.2108572876987489,Middle
Gene 13,0.2542372881355932,0.26957819611791667,Middle
Gene 13,0.2711864406779661,0.35190977332884166,Middle
Gene 13,0.288135593220339,0.4634036345567626,Middle
Gene 13,0.3050847457627119,0.6090996042933033,Middle
Gene 13,0.3220338983050847,0.79260479812425,Middle
Gene 13,0.3389830508474576,1.0150345146117106,Middle
Gene 13,0.3559322033898305,1.273974595709476,Middle
Gene 13,0.3728813559322034,1.5626794705515417,Middle
Gene 13,0.3898305084745763,1.869737592423318,Middle
Gene 13,0.4067796610169492,2.1793989960573774,Middle
Gene 13,0.423728813559322,2.472662832853257,Middle
Gene 13,0.4406779661016949,2.7290779812086,Middle
Gene 13,0.4576271186440678,2.9290469316998315,Middle
Gene 13,0.4745762711864407,3.056283502420543,Middle
Gene 13,0.4915254237288136,3.0999999739819675,Middle
Gene 13,0.5084745762711864,3.0564168276737367,Middle
Gene 13,0.5254237288135594,2.929302111491243,Middle
Gene 13,0.5423728813559322,2.7294337031435774,Middle
Gene 13,0.559322033898305,2.4730908801267173,Middle
Gene 13,0.576271186440678,2.179867931808424,Middle
Gene 13,0.5932203389830508,1.87021652615918,Middle
Gene 13,0.6101694915254238,1.5631412900893702,Middle
Gene 13,0.6271186440677966,1.2743982226545656,Middle
Gene 13,0.6440677966101694,1.0154059854009752,Middle
Gene 13,0.6610169491525424,0.7929172189477641,Middle
Gene 13,0.6779661016949152,0.6093522196308695,Middle
Gene 13,0.6949152542372882,0.46360035277264955,Middle
Gene 13,0.711864406779661,0.3520575045295362,Middle
Gene 13,0.7288135593220338,0.26968529666737273,Middle
Gene 13,0.7457627118644068,0.21093230457117165,Middle
Gene 13,0.7627118644067796,0.17042731024025387,Middle
Gene 13,0.7796610169491526,0.14342035924956165,Middle
Gene 13,0.7966101694915254,0.12599650507524346,Middle
Gene 13,0.8135593220338984,0.11511491688190845,Middle
Gene 13,0.8305084745762712,0.10853425870850968,Middle
Gene 13,0.847457627118644,0.10467945298391354,Middle
Gene 13,0.864406779661017,0.10249168774250207,Middle
Gene 13,0.8813559322033898,0.10128843165665527,Middle
Gene 13,0.8983050847457628,0.10064699124133993,Middle
Gene 13,0.9152542372881356,0.10031550384732082,Middle
Gene 13,0.9322033898305084,0.10014941017038884,Middle
Gene 13,0.9491525423728814,0.10006871078433201,Middle
Gene 13,0.9661016949152542,0.10003068590205594,Middle
Gene 13,0.9830508474576272,0.1000133082860315,Middle
Gene 13,1.0,0.10000560498690017,Middle
Gene 12,0.0,0.10008483599108914,Middle
Gene 12,0.01694915254237288,0.10018303218624527,Middle
Gene 12,0.03389830508474576,0.10038348116678411,Middle
Gene 12,0.05084745762711865,0.10078024295578361,Middle
Gene 12,0.06779661016949153,0.10154164690820254,Middle
Gene 12,0.0847457627118644,0.10295807526244073,Middle
Gene 12,0.1016949152542373,0.10551191823281444,Middle
Gene 12,0.11864406779661017,0.10997391256268796,Middle
Gene 12,0.13559322033898305,0.1175265965792166,Middle
Gene 12,0.15254237288135594,0.12990879166180128,Middle
Gene 12,0.1694915254237288,0.14956434693465187,Middle
Gene 12,0.1864406779661017,0.17976440912581304,Middle
Gene 12,0.2033898305084746,0.22465742742320116,Middle
Gene 12,0.22033898305084745,0.28918923066271174,Middle
Gene 12,0.23728813559322035,0.3788328294390827,Middle
Gene 12,0.2542372881355932,0.49908062510342843,Middle
Gene 12,0.2711864406779661,0.6546852601250154,Middle
Gene 12,0.288135593220339,0.8486896861192001,Middle
Gene 12,0.3050847457627119,1.0813554052003114,Middle
Gene 12,0.3220338983050847,1.3491656427929053,Middle
Gene 12,0.3389830508474576,1.6441268909897708,Middle
Gene 12,0.3559322033898305,1.953596433690743,Middle
Gene 12,0.3728813559322034,2.2608102316001744,Middle
Gene 12,0.3898305084745763,2.5461738178685565,Middle
Gene 12,0.4067796610169492,2.7892256369841015,Middle
Gene 12,0.423728813559322,2.9710213074860587,Middle
Gene 12,0.4406779661016949,3.076561306970078,Middle
Gene 12,0.4576271186440678,3.096832650791677,Middle
Gene 12,0.4745762711864407,3.030079439564684,Middle
Gene 12,0.4915254237288136,2.8820539121185735,Middle
Gene 12,0.5084745762711864,2.665198232097316,Middle
Gene 12,0.5254237288135594,2.396918393838033,Middle
Gene 12,0.5423728813559322,2.097282251678142,Middle
Gene 12,0.559322033898305,1.786562980271375,Middle
Gene 12,0.576271186440678,1.4830405944383889,Middle
Gene 12,0.5932203389830508,1.2013783497384718,Middle
Gene 12,0.6101694915254238,0.9517406723453056,Middle
Gene 12,0.6271186440677966,0.7396574769622887,Middle
Gene 12,0.6440677966101694,0.5665055541277806,Middle
Gene 12,0.6610169491525424,0.4303964712345396,Middle
Gene 12,0.6779661016949152,0.327239186154924,Middle
Gene 12,0.6949152542372882,0.2517750182098345,Middle
Gene 12,0.711864406779661,0.1984434001788422,Middle
Gene 12,0.7288135593220338,0.16200720574013439,Middle
Gene 12,0.7457627118644068,0.13792861286344982,Middle
Gene 12,0.7627118644067796,0.12252999016783625,Middle
Gene 12,0.7796610169491526,0.11299643646511594,Middle
Gene 12,0.7966101694915254,0.1072804264253029,Middle
Gene 12,0.8135593220338984,0.10396057817653424,Middle
Gene 12,0.8305084745762712,0.10209232722646827,Middle
Gene 12,0.847457627118644,0.10107342045298813,Middle
Gene 12,0.864406779661017,0.10053478518706478,Middle
Gene 12,0.8813559322033898,0.1002587367484038,Middle
Gene 12,0.8983050847457628,0.10012156431469514,Middle
Gene 12,0.9152542372881356,0.10005546555203562,Middle
Gene 12,0.9322033898305084,0.10002457592182551,Middle
Gene 12,0.9491525423728814,0.10001057463868943,Middle
Gene 12,0.9661016949152542,0.1000044186591463,Middle
Gene 12,0.9830508474576272,0.10000179301824624,Middle
Gene 12,1.0,0.10000070655855649,Middle
Gene 14,0.0,0.10000179049155444,Middle
Gene 14,0.01694915254237288,0.1000044126314406,Middle
Gene 14,0.03389830508474576,0.10001056068957002,Middle
Gene 14,0.05084745762711865,0.10002454461034922,Middle
Gene 14,0.06779661016949153,0.10005539738321911,Middle
Gene 14,0.0847457627118644,0.10012142038421308,Middle
Gene 14,0.1016949152542373,0.10025844206257828,Middle
Gene 14,0.11864406779661017,0.10053420018920027,Middle
Gene 14,0.13559322033898305,0.10107229460285355,Middle
Gene 14,0.15254237288135594,0.10209022696529103,Middle
Gene 14,0.1694915254237288,0.10395678101872048,Middle
Gene 14,0.1864406779661017,0.10727377442669396,Middle
Gene 14,0.2033898305084746,0.11298514743783601,Middle
Gene 14,0.22033898305084745,0.1225114352552815,Middle
Gene 14,0.23728813559322035,0.13789908531487927,Middle
Gene 14,0.2542372881355932,0.16196172721085164,Middle
Gene 14,0.2711864406779661,0.19837563434486732,Middle
Gene 14,0.288135593220339,0.2516773804806647,Middle
Gene 14,0.3050847457627119,0.3271032435526715,Middle
Gene 14,0.3220338983050847,0.4302137078744104,Middle
Gene 14,0.3389830508474576,0.5662685274213698,Middle
Gene 14,0.3559322033898305,0.7393613067497969,Middle
Gene 14,0.3728813559322034,0.951384699511601,Middle
Gene 14,0.3898305084745763,1.2009676946446017,Middle
Gene 14,0.4067796610169492,1.482587270405947,Middle
Gene 14,0.423728813559322,1.7860862069214205,Middle
Gene 14,0.4406779661016949,2.0968076911568905,Middle
Gene 14,0.4576271186440678,2.3964762028030813,Middle
Gene 14,0.4745762711864407,2.6648200586441093,Middle
Gene 14,0.4915254237288136,2.881769217978771,Middle
Gene 14,0.5084745762711864,3.029911727578632,Middle
Gene 14,0.5254237288135594,3.0967962642239297,Middle
Gene 14,0.5423728813559322,3.0766594046611915,Middle
Gene 14,0.559322033898305,2.971245411210979,Middle
Gene 14,0.576271186440678,2.7895568409514366,Middle
Gene 14,0.5932203389830508,2.546585421103775,Middle
Gene 14,0.6101694915254238,2.2612712850374743,Middle
Gene 14,0.6271186440677966,1.95407554979856,Middle
Gene 14,0.6440677966101694,1.6445956721469281,Middle
Gene 14,0.6610169491525424,1.3496012298767346,Middle
Gene 14,0.6779661016949152,1.0817418797276699,Middle
Gene 14,0.6949152542372882,0.8490183113194744,Middle
Gene 14,0.711864406779661,0.654953756925296,Middle
Gene 14,0.7288135593220338,0.49929180791267536,Middle
Gene 14,0.7457627118644068,0.3789929620456318,Middle
Gene 14,0.7627118644067796,0.2893064184339258,Middle
Gene 14,0.7796610169491526,0.22474026824436322,Middle
Gene 14,0.7966101694915254,0.1798210160706017,Middle
Gene 14,0.8135593220338984,0.14960175848401708,Middle
Gene 14,0.8305084745762712,0.1299327169201684,Middle
Gene 14,0.847457627118644,0.11754140787958016,Middle
Gene 14,0.864406779661017,0.10998279146655193,Middle
Gene 14,0.8813559322033898,0.10551707381551678,Middle
Gene 14,0.8983050847457628,0.10296097563433643,Middle
Gene 14,0.9152542372881356,0.10154322807691639,Middle
Gene 14,0.9322033898305084,0.10078107842534215,Middle
Gene 14,0.9491525423728814,0.10038390910435546,Middle
Gene 14,0.9661016949152542,0.10018324470085134,Middle
Gene 14,0.9830508474576272,0.10008493832272966,Middle
Gene 14,1.0,0.10003823359897564,Middle
Gene 10,0.0,0.10219768045784616,Middle
Gene 10,0.01694915254237288,0.10415081929557918,Middle
Gene 10,0.03389830508474576,0.10761328961486176,Middle
Gene 10,0.05084745762711865,0.11356063786937884,Middle
Gene 10,0.06779661016949153,0.12345617156239581,Middle
Gene 10,0.0847457627118644,0.13940064976575314,Middle
Gene 10,0.1016949152542373,0.1642715660149402,Middle
Gene 10,0.11864406779661017,0.20181309115652674,Middle
Gene 10,0.13559322033898305,0.25662374648134617,Middle
Gene 10,0.15254237288135594,0.333981131357036,Middle
Gene 10,0.1694915254237288,0.4394480423790137,Middle
Gene 10,0.1864406779661017,0.5782280258697952,Middle
Gene 10,0.2033898305084746,0.7542835215707738,Middle
Gene 10,0.22033898305084745,0.9692930046678055,Middle
Gene 10,0.23728813559322035,1.2215938791332248,Middle
Gene 10,0.2542372881355932,1.5053170642912135,Middle
Gene 10,0.2711864406779661,1.8099454364693357,Middle
Gene 10,0.288135593220339,2.120502669939414,Middle
Gene 10,0.3050847457627119,2.418493316630796,Middle
Gene 10,0.3220338983050847,2.68357760572764,Middle
Gene 10,0.3389830508474576,2.8958020440029446,Middle
Gene 10,0.3559322033898305,3.0380593748647686,Middle
Gene 10,0.3728813559322034,3.0983612856479765,Middle
Gene 10,0.3898305084745763,3.0715059126083375,Middle
Gene 10,0.4067796610169492,2.9598185526421212,Middle
Gene 10,0.423728813559322,2.7728193284883837,Middle
Gene 10,0.4406779661016949,2.525883668244639,Middle
Gene 10,0.4576271186440678,2.23815695248067,Middle
Gene 10,0.4745762711864407,1.9301152337115905,Middle
Gene 10,0.4915254237288136,1.6212007608444874,Middle
Gene 10,0.5084745762711864,1.327902476645229,Middle
Gene 10,0.5254237288135594,1.062521546487546,Middle
Gene 10,0.5423728813559322,0.8327001635708271,Middle
Gene 10,0.559322033898305,0.6416407868075308,Middle
Gene 10,0.576271186440678,0.48883529154496963,Middle
Gene 10,0.5932203389830508,0.3710748551097883,Middle
Gene 10,0.6101694915254238,0.28351942360765703,Middle
Gene 10,0.6271186440677966,0.22065465502141102,Middle
Gene 10,0.6440677966101694,0.17703274456522608,Middle
Gene 10,0.6610169491525424,0.14776127414133006,Middle
Gene 10,0.6779661016949152,0.1287571392372421,Middle
Gene 10,0.6949152542372882,0.11681452873777942,Middle
Gene 10,0.711864406779661,0.10954757245602947,Middle
Gene 10,0.7288135593220338,0.10526466170254331,Middle
Gene 10,0.7457627118644068,0.10281914373761543,Middle
Gene 10,0.7627118644067796,0.10146599744365772,Middle
Gene 10,0.7796610169491526,0.10074031824052027,Middle
Gene 10,0.7966101694915254,0.10036305542484406,Middle
Gene 10,0.8135593220338984,0.1001729006613211,Middle
Gene 10,0.8305084745762712,0.10007996309988215,Middle
Gene 10,0.847457627118644,0.10003591301217069,Middle
Gene 10,0.864406779661017,0.10001566330075722,Middle
Gene 10,0.8813559322033898,0.1000066341301126,Middle
Gene 10,0.8983050847457628,0.10000272868828429,Middle
Gene 10,0.9152542372881356,0.10000108991620817,Middle
Gene 10,0.9322033898305084,0.10000042276744697,Middle
Gene 10,0.9491525423728814,0.10000015924991569,Middle
Gene 10,0.9661016949152542,0.10000005825405028,Middle
Gene 10,0.9830508474576272,0.10000002069389709,Middle
Gene 10,1.0,0.10000000713884065,Middle
Gene 20,0.0,0.10000000000044959,Late
Gene 20,0.01694915254237288,0.10000000000165146,Late
Gene 20,0.03389830508474576,0.1000000000058911,Late
Gene 20,0.05084745762711865,0.10000000002040772,Late
Gene 20,0.06779661016949153,0.10000000006865332,Late
Gene 20,0.0847457627118644,0.10000000022428387,Late
Gene 20,0.1016949152542373,0.10000000071154731,Late
Gene 20,0.11864406779661017,0.1000000021921929,Late
Gene 20,0.13559322033898305,0.10000000655877897,Late
Gene 20,0.15254237288135594,0.10000001905620724,Late
Gene 20,0.1694915254237288,0.10000005376741825,Late
Gene 20,0.1864406779661017,0.10000014732319976,Late
Gene 20,0.2033898305084746,0.10000039200566739,Late
Gene 20,0.22033898305084745,0.10000101293783316,Late
Gene 20,0.23728813559322035,0.10000254180647832,Late
Gene 20,0.2542372881355932,0.10000619400306142,Late
Gene 20,0.2711864406779661,0.10001465782703287,Late
Gene 20,0.288135593220339,0.10003368503577627,Late
Gene 20,0.3050847457627119,0.10007517504154723,Late
Gene 20,0.3220338983050847,0.10016292194423802,Late
Gene 20,0.3389830508474576,0.10034288993315316,Late
Gene 20,0.3559322033898305,0.1007008081264671,Late
Gene 20,0.3728813559322034,0.10139095399746037,Late
Gene 20,0.3898305084745763,0.10268099280330002,Late
Gene 20,0.4067796610169492,0.10501819776758654,Late
Gene 20,0.423728813559322,0.10912156045977867,Late
Gene 20,0.4406779661016949,0.11610125591344016,Late
Gene 20,0.4576271186440678,0.1276006689375723,Late
Gene 20,0.4745762711864407,0.1459461056087295,Late
Gene 20,0.4915254237288136,0.17427575047647198,Late
Gene 20,0.5084745762711864,0.21660431825920967,Late
Gene 20,0.5254237288135594,0.27776713092836236,Late
Gene 20,0.5423728813559322,0.3631828197731346,Late
Gene 20,0.559322033898305,0.47838407645427816,Late
Gene 20,0.576271186440678,0.6282961079297714,Late
Gene 20,0.5932203389830508,0.816293836345707,Late
Gene 20,0.6101694915254238,1.0431358655847904,Late
Gene 20,0.6271186440677966,1.305942359837092,Late
Gene 20,0.6440677966101694,1.5974353585504029,Late
Gene 20,0.6610169491525424,1.9056719876065789,Late
Gene 20,0.6779661016949152,2.2144571134081374,Late
Gene 20,0.6949152542372882,2.5045186215515796,Late
Gene 20,0.711864406779661,2.755379829853666,Late
Gene 20,0.7288135593220338,2.9477010987137873,Late
Gene 20,0.7457627118644068,3.065728543435658,Late
Gene 20,0.7627118644067796,3.0994224292607826,Late
Gene 20,0.7796610169491526,3.0458668677421867,Late
Gene 20,0.7966101694915254,2.909686343489765,Late
Gene 20,0.8135593220338984,2.702386568078169,Late
Gene 20,0.8305084745762712,2.4407499367895564,Late
Gene 20,0.847457627118644,2.1445958521766335,Late
Gene 20,0.864406779661017,1.8343197668516926,Late
Gene 20,0.8813559322033898,1.5286311524090914,Late
Gene 20,0.8983050847457628,1.242826497985233,Late
Gene 20,0.9152542372881356,0.9877889404254053,Late
Gene 20,0.9322033898305084,0.7697433390199043,Late
Gene 20,0.9491525423728814,0.5906551017651123,Late
Gene 20,0.9661016949152542,0.4490707654722481,Late
Gene 20,0.9830508474576272,0.3411681107576779,Late
Gene 20,1.0,0.26180633747151993,Late
Gene 11,0.0,0.10046563999258737,Middle
Gene 11,0.01694915254237288,0.1009399582815999,Middle
Gene 11,0.03389830508474576,0.10184262146950138,Middle
Gene 11,0.05084745762711865,0.1035077846154499,Middle
Gene 11,0.06779661016949153,0.1064848353590349,Middle
Gene 11,0.0847457627118644,0.11164217795391702,Middle
Gene 11,0.1016949152542373,0.12029732266271498,Middle
Gene 11,0.11864406779661017,0.1343646971981053,Middle
Gene 11,0.13559322033898305,0.15650092147832512,Middle
Gene 11,0.15254237288135594,0.19021272128781527,Middle
Gene 11,0.1694915254237288,0.23987795678140184,Middle
Gene 11,0.1864406779661017,0.31062019941414865,Middle
Gene 11,0.2033898305084746,0.4079782187570711,Middle
Gene 11,0.22033898305084745,0.5373299591120712,Middle
Gene 11,0.23728813559322035,0.7030699651130933,Middle
Gene 11,0.2542372881355932,0.9075983321126371,Middle
Gene 11,0.2711864406779661,1.150249226778996,Middle
Gene 11,0.288135593220339,1.426351311236127,Middle
Gene 11,0.3050847457627119,1.7266496165472776,Middle
Gene 11,0.3220338983050847,2.0373081375369897,Middle
Gene 11,0.3389830508474576,2.340642832304195,Middle
Gene 11,0.3559322033898305,2.61660936399063,Middle
Gene 11,0.3728813559322034,2.844910738325841,Middle
Gene 11,0.3898305084745763,3.0074341527730444,Middle
Gene 11,0.4067796610169492,3.0906169647909856,Middle
Gene 11,0.423728813559322,3.087314459533782,Middle
Gene 11,0.4406779661016949,2.997812843113024,Middle
Gene 11,0.4576271186440678,2.8297883013721243,Middle
Gene 11,0.4745762711864407,2.5972202448673056,Middle
Gene 11,0.4915254237288136,2.318472090252999,Middle
Gene 11,0.5084745762711864,2.013904815652006,Middle
Gene 11,0.5254237288135594,1.7034519290171453,Middle
Gene 11,0.5423728813559322,1.40455020443749,Middle
Gene 11,0.559322033898305,1.1307062117329845,Middle
Gene 11,0.576271186440678,0.8908210723876487,Middle
Gene 11,0.5932203389830508,0.6892380943141186,Middle
Gene 11,0.6101694915254238,0.5263562590135097,Middle
Gene 11,0.6271186440677966,0.39958751665937087,Middle
Gene 11,0.6440677966101694,0.3044297166270571,Middle
Gene 11,0.6610169491525424,0.23546702199551464,Middle
Gene 11,0.6779661016949152,0.18717508595384635,Middle
Gene 11,0.6949152542372882,0.1544779087969846,Middle
Gene 11,0.711864406779661,0.13306113171280382,Middle
Gene 11,0.7288135593220338,0.1194842748301667,Middle
Gene 11,0.7457627118644068,0.11115115933191885,Middle
Gene 11,0.7627118644067796,0.10619762135146661,Middle
Gene 11,0.7796610169491526,0.10334502448102036,Middle
Gene 11,0.7966101694915254,0.10175324579292533,Middle
Gene 11,0.8135593220338984,0.1008923917646823,Middle
Gene 11,0.8305084745762712,0.10044110049550428,Middle
Gene 11,0.847457627118644,0.10021173311211483,Middle
Gene 11,0.864406779661017,0.10009869820622783,Middle
Gene 11,0.8813559322033898,0.10004467854094122,Middle
Gene 11,0.8983050847457628,0.10001964074457496,Middle
Gene 11,0.9152542372881356,0.10000838467352231,Middle
Gene 11,0.9322033898305084,0.10000347603074967,Middle
Gene 11,0.9491525423728814,0.10000139942718385,Middle
Gene 11,0.9661016949152542,0.10000054712460422,Middle
Gene 11,0.9830508474576272,0.10000020772627274,Middle
Gene 11,1.0,0.10000007658890409,Middle
Gene 06,0.0,0.34102550763834555,Early
Gene 06,0.01694915254237288,0.44888009274022234,Early
Gene 06,0.03389830508474576,0.5904092074371942,Early
Gene 06,0.05084745762711865,0.7694378832783674,Early
Gene 06,0.06779661016949153,0.9874240587863902,Early
Gene 06,0.0847457627118644,1.2424083148805427,Early
Gene 06,0.1016949152542373,1.5281727938320337,Early
Gene 06,0.11864406779661017,1.8338415227650513,Early
Gene 06,0.13559322033898305,2.1441242321707583,Early
Gene 06,0.15254237288135594,2.4403155449144953,Early
Gene 06,0.1694915254237288,2.7020209652759895,Early
Gene 06,0.1864406779661017,2.909418313733814,Early
Gene 06,0.2033898305084746,3.0457186898586195,Early
Gene 06,0.22033898305084745,3.099406821487212,Early
Gene 06,0.23728813559322035,3.0658468615099026,Early
Gene 06,0.2542372881355932,2.947943141495345,Early
Gene 06,0.2711864406779661,2.7557252911201795,Early
Gene 06,0.288135593220339,2.504939901469483,Early
Gene 06,0.3050847457627119,2.21492295003644,Early
Gene 06,0.3220338983050847,1.9061512475327733,Early
Gene 06,0.3389830508474576,1.5979003572444899,Early
Gene 06,0.3559322033898305,1.3063712448035474,Early
Gene 06,0.3728813559322034,1.0435138348146864,Early
Gene 06,0.3898305084745763,0.8166132138599422,Early
Gene 06,0.4067796610169492,0.6285554981747311,Early
Gene 06,0.423728813559322,0.47858693388350304,Early
Gene 06,0.4406779661016949,0.36333579169495855,Early
Gene 06,0.4576271186440678,0.2778784777536811,Early
Gene 06,0.4745762711864407,0.2166826169620273,Early
Gene 06,0.4915254237288136,0.17432897795117447,Early
Gene 06,0.5084745762711864,0.14598110510411233,Early
Gene 06,0.5254237288135594,0.12762293948595094,Early
Gene 06,0.5423728813559322,0.1161149745006787,Early
Gene 06,0.559322033898305,0.1091297439321966,Early
Gene 06,0.576271186440678,0.10502292639761349,Early
Gene 06,0.5932203389830508,0.10268364011721394,Early
Gene 06,0.6101694915254238,0.10139239027065379,Early
Gene 06,0.6271186440677966,0.10070156340622634,Early
Gene 06,0.6440677966101694,0.10034327495549135,Early
Gene 06,0.6610169491525424,0.10016311224098075,Early
Gene 06,0.6779661016949152,0.10007526624207544,Early
Gene 06,0.6949152542372882,0.1000337274226431,Early
Gene 06,0.711864406779661,0.10001467693329011,Early
Gene 06,0.7288135593220338,0.10000620235655841,Early
Gene 06,0.7457627118644068,0.10000254534925443,Early
Gene 06,0.7627118644067796,0.1000010143954145,Early
Gene 06,0.7796610169491526,0.10000039258745401,Early
Gene 06,0.7966101694915254,0.10000014754850024,Early
Gene 06,0.8135593220338984,0.10000005385207299,Early
Gene 06,0.8305084745762712,0.10000001908707129,Early
Gene 06,0.847457627118644,0.10000000656969804,Early
Gene 06,0.864406779661017,0.1000000021959415,Early
Gene 06,0.8813559322033898,0.10000000071279619,Early
Gene 06,0.8983050847457628,0.10000000022468766,Early
Gene 06,0.9152542372881356,0.10000000006878003,Early
Gene 06,0.9322033898305084,0.1000000000204463,Early
Gene 06,0.9491525423728814,0.1000000000059025,Early
Gene 06,0.9661016949152542,0.10000000000165474,Early
Gene 06,0.9830508474576272,0.10000000000045049,Early
Gene 06,1.0,0.1000000000001191,Early
Gene 16,0.0,0.10000002066050646,Middle
Gene 16,0.01694915254237288,0.10000005816267744,Middle
Gene 16,0.03389830508474576,0.10000015900729924,Middle
Gene 16,0.05084745762711865,0.10000042214240018,Middle
Gene 16,0.06779661016949153,0.10000108835388682,Middle
Gene 16,0.0847457627118644,0.10000272489977831,Middle
Gene 16,0.1016949152542373,0.10000662521807493,Middle
Gene 16,0.11864406779661017,0.10001564296472501,Middle
Gene 16,0.13559322033898305,0.10003586800299727,Middle
Gene 16,0.15254237288135594,0.100079866485207,Middle
Gene 16,0.1694915254237288,0.10017269954391292,Middle
Gene 16,0.1864406779661017,0.1003626494744894,Middle
Gene 16,0.2033898305084746,0.10073952380405542,Middle
Gene 16,0.22033898305084745,0.10146449032388122,Middle
Gene 16,0.23728813559322035,0.10281637252446027,Middle
Gene 16,0.2542372881355932,0.10525972374695637,Middle
Gene 16,0.2711864406779661,0.1095390475533801,Middle
Gene 16,0.288135593220339,0.11680027290518875,Middle
Gene 16,0.3050847457627119,0.1287340539389518,Middle
Gene 16,0.3220338983050847,0.14772508519387398,Middle
Gene 16,0.3389830508474576,0.17697784794645532,Middle
Gene 16,0.3559322033898305,0.2205741092016135,Middle
Gene 16,0.3728813559322034,0.2834051819565221,Middle
Gene 16,0.3898305084745763,0.37091832739460284,Middle
Gene 16,0.4067796610169492,0.48862829093692683,Middle
Gene 16,0.423728813559322,0.6413768529882142,Middle
Gene 16,0.4406779661016949,0.832376157145126,Middle
Gene 16,0.4576271186440678,1.0621393005407358,Middle
Gene 16,0.4745762711864407,1.3274701951429997,Middle
Gene 16,0.4915254237288136,1.6207338044452069,Middle
Gene 16,0.5084745762711864,1.9296359620983776,Middle
Gene 16,0.5254237288135594,2.237693414087779,Middle
Gene 16,0.5423728813559322,2.525467133652843,Middle
Gene 16,0.559322033898305,2.7724809146104263,Middle
Gene 16,0.576271186440678,2.9595854206733896,Middle
Gene 16,0.5932203389830508,3.0713976767463347,Middle
Gene 16,0.6101694915254238,3.098387289581414,Middle
Gene 16,0.6271186440677966,3.0382173603304254,Middle
Gene 16,0.6440677966101694,2.8960784744902504,Middle
Gene 16,0.6610169491525424,2.6839495809932306,Middle
Gene 16,0.6779661016949152,2.418931702551822,Middle
Gene 16,0.6949152542372882,2.1209758508789567,Middle
Gene 16,0.711864406779661,1.8104230228867375,Middle
Gene 16,0.7288135593220338,1.5057729642554254,Middle
Gene 16,0.7457627118644068,1.2220083353508329,Middle
Gene 16,0.7627118644067796,0.9696534482560941,Middle
Gene 16,0.7796610169491526,0.7545843333710792,Middle
Gene 16,0.7966101694915254,0.5784694723167062,Middle
Gene 16,0.8135593220338984,0.4396347384466046,Middle
Gene 16,0.8305084745762712,0.33412037883891643,Middle
Gene 16,0.847457627118644,0.25672402459640675,Middle
Gene 16,0.864406779661017,0.20188287143534728,Middle
Gene 16,0.8813559322033898,0.16431851678862688,Middle
Gene 16,0.8983050847457628,0.13943121040798745,Middle
Gene 16,0.9152542372881356,0.1234754237300085,Middle
Gene 16,0.9322033898305084,0.11357238013288898,Middle
Gene 16,0.9491525423728814,0.10762022567111676,Middle
Gene 16,0.9661016949152542,0.10415478825055863,Middle
Gene 16,0.9830508474576272,0.10219988105679355,Middle
Gene 16,1.0,0.10113114622042815,Middle
Gene 09,0.0,0.10891913948823537,Middle
Gene 09,0.01694915254237288,0.11576170562629161,Middle
Gene 09,0.03389830508474576,0.12704909329076242,Middle
Gene 09,0.05084745762711865,0.1450787074398316,Middle
Gene 09,0.06779661016949153,0.17295573571536993,Middle
Gene 09,0.0847457627118644,0.2146612498580763,Middle
Gene 09,0.1016949152542373,0.27500205357879315,Middle
Gene 09,0.11864406779661017,0.35938141909770616,Middle
Gene 09,0.13559322033898305,0.47333939766307953,Middle
Gene 09,0.15254237288135594,0.621840794120834,Middle
Gene 09,0.1694915254237288,0.8083395216440942,Middle
Gene 09,0.1864406779661017,1.0337146323517201,Middle
Gene 09,0.2033898305084746,1.2952426978442235,Middle
Gene 09,0.22033898305084745,1.5858236848924985,Middle
Gene 09,0.23728813559322035,1.8936912860951778,Middle
Gene 09,0.2542372881355932,2.2027970695362598,Middle
Gene 09,0.2711864406779661,2.4939565921295697,Middle
Gene 09,0.288135593220339,2.746698206945818,Middle
Gene 09,0.3050847457627119,2.9415926344829666,Middle
Gene 09,0.3220338983050847,3.0627053184486273,Middle
Gene 09,0.3389830508474576,3.099745008098768,Middle
Gene 09,0.3559322033898305,3.049507229203711,Middle
Gene 09,0.3728813559322034,2.9163318982702333,Middle
Gene 09,0.3898305084745763,2.711484465186191,Middle
Gene 09,0.4067796610169492,2.451582950552704,Middle
Gene 09,0.423728813559322,2.1563754119595413,Middle
Gene 09,0.4406779661016949,1.8462794584823157,Middle
Gene 09,0.4576271186440678,1.5401055759666817,Middle
Gene 09,0.4745762711864407,1.2533049656930992,Middle
Gene 09,0.4915254237288136,0.9969396760367714,Middle
Gene 09,0.5084745762711864,0.7774099203010609,Middle
Gene 09,0.5254237288135594,0.5968314882224698,Middle
Gene 09,0.5423728813559322,0.453863620563313,Middle
Gene 09,0.559322033898305,0.3447552206250175,Middle
Gene 09,0.576271186440678,0.264398274494524,Middle
Gene 09,0.5932203389830508,0.20723382298217746,Middle
Gene 09,0.6101694915254238,0.1679259259079129,Middle
Gene 09,0.6271186440677966,0.141783862948664,Middle
Gene 09,0.6440677966101694,0.12496036047551132,Middle
Gene 09,0.6610169491525424,0.11447979326710797,Middle
Gene 09,0.6779661016949152,0.10815723761203247,Middle
Gene 09,0.6949152542372882,0.10446265288978018,Middle
Gene 09,0.711864406779661,0.10237089514262716,Middle
Gene 09,0.7288135593220338,0.10122320945407072,Middle
Gene 09,0.7457627118644068,0.1006128561585539,Middle
Gene 09,0.7627118644067796,0.10029818481529025,Middle
Gene 09,0.7796610169491526,0.10014089050841367,Middle
Gene 09,0.7966101694915254,0.10006464682382801,Middle
Gene 09,0.8135593220338984,0.10002880592939539,Middle
Gene 09,0.8305084745762712,0.1000124648149337,Middle
Gene 09,0.847457627118644,0.10000523792193325,Middle
Gene 09,0.864406779661017,0.10000213747700509,Middle
Gene 09,0.8813559322033898,0.10000084705795366,Middle
Gene 09,0.8983050847457628,0.1000003259823165,Middle
Gene 09,0.9152542372881356,0.10000012182718296,Middle
Gene 09,0.9322033898305084,0.10000004421438677,Middle
Gene 09,0.9491525423728814,0.10000001558304243,Middle
Gene 09,0.9661016949152542,0.10000000533347353,Middle
Gene 09,0.9830508474576272,0.1000000017727083,Middle
Gene 09,1.0,0.1000000005721813,Middle
Gene 02,0.0,2.4619334480905057,Early
Gene 02,0.01694915254237288,2.720141473989017,Early
Gene 02,0.03389830508474576,2.9226112637633097,Early
Gene 02,0.05084745762711865,3.052885739208655,Early
Gene 02,0.06779661016949153,3.099932327860168,Early
Gene 02,0.0847457627118644,3.0596851752977092,Early
Gene 02,0.1016949152542373,2.9356251511420095,Early
Gene 02,0.11864406779661017,2.7382829195722445,Early
Gene 02,0.13559322033898305,2.4837634437462053,Early
Gene 02,0.15254237288135594,2.1915785936355476,Early
Gene 02,0.1694915254237288,1.8821918974519398,Early
Gene 02,0.1864406779661017,1.5747010342370042,Early
Gene 02,0.2033898305084746,1.2850120000772023,Early
Gene 02,0.22033898305084745,1.0247210741308606,Early
Gene 02,0.23728813559322035,0.8007579050051811,Early
Gene 02,0.2542372881355932,0.615696874716767,Early
Gene 02,0.2711864406779661,0.46854475665450246,Early
Gene 02,0.288135593220339,0.35577330637289173,Early
Gene 02,0.3050847457627119,0.27238101831985806,Early
Gene 02,0.3220338983050847,0.21282177021959797,Early
Gene 02,0.3389830508474576,0.17170767161281364,Early
Gene 02,0.3559322033898305,0.14425960927855805,Early
Gene 02,0.3728813559322034,0.12652887136382,Early
Gene 02,0.3898305084745763,0.1154418459502153,Early
Gene 02,0.4067796610169492,0.10872868660235527,Early
Gene 02,0.423728813559322,0.1047914595854393,Early
Gene 02,0.4406779661016949,0.10255420647469365,Early
Gene 02,0.4576271186440678,0.10132224951699072,Early
Gene 02,0.4745762711864407,0.10066472203589072,Early
Gene 02,0.4915254237288136,0.10032451589870617,Early
Gene 02,0.5084745762711864,0.10015385128384331,Early
Gene 02,0.5254237288135594,0.10007083298013837,Early
Gene 02,0.5423728813559322,0.10003166934980742,Early
Gene 02,0.559322033898305,0.10001375029525002,Early
Gene 02,0.576271186440678,0.1000057976786978,Early
Gene 02,0.5932203389830508,0.10000237391687075,Early
Gene 02,0.6101694915254238,0.10000094394374665,Early
Gene 02,0.6271186440677966,0.10000036449868352,Early
Gene 02,0.6440677966101694,0.10000013668317484,Early
Gene 02,0.6610169491525424,0.10000004977409763,Early
Gene 02,0.6779661016949152,0.10000001760195783,Early
Gene 02,0.6949152542372882,0.10000000604488163,Early
Gene 02,0.711864406779661,0.10000000201596909,Early
Gene 02,0.7288135593220338,0.10000000065290378,Early
Gene 02,0.7457627118644068,0.10000000020534482,Early
Gene 02,0.7627118644067796,0.10000000006271734,Early
Gene 02,0.7796610169491526,0.10000000001860204,Early
Gene 02,0.7966101694915254,0.10000000000535801,Early
Gene 02,0.8135593220338984,0.10000000000149871,Early
Gene 02,0.8305084745762712,0.1000000000004071,Early
Gene 02,0.847457627118644,0.10000000000010739,Early
Gene 02,0.864406779661017,0.10000000000002751,Early
Gene 02,0.8813559322033898,0.10000000000000685,Early
Gene 02,0.8983050847457628,0.10000000000000166,Early
Gene 02,0.9152542372881356,0.1000000000000004,Early
Gene 02,0.9322033898305084,0.10000000000000009,Early
Gene 02,0.9491525423728814,0.10000000000000002,Early
Gene 02,0.9661016949152542,0.1,Early
Gene 02,0.9830508474576272,0.1,Early
Gene 02,1.0,0.1,Early
Gene 21,0.0,0.10000000000002106,Late
Gene 21,0.01694915254237288,0.10000000000008266,Late
Gene 21,0.03389830508474576,0.10000000000031514,Late
Gene 21,0.05084745762711865,0.10000000000116678,Late
Gene 21,0.06779661016949153,0.10000000000419512,Late
Gene 21,0.0847457627118644,0.10000000001464773,Late
Gene 21,0.1016949152542373,0.10000000004966668,Late
Gene 21,0.11864406779661017,0.10000000016354191,Late
Gene 21,0.13559322033898305,0.10000000052295256,Late
Gene 21,0.15254237288135594,0.10000000162392057,Late
Gene 21,0.1694915254237288,0.10000000489707239,Late
Gene 21,0.1864406779661017,0.10000001434093633,Late
Gene 21,0.2033898305084746,0.1000000407838044,Late
Gene 21,0.22033898305084745,0.10000011263340308,Late
Gene 21,0.23728813559322035,0.10000030207579028,Late
Gene 21,0.2542372881355932,0.10000078674479468,Late
Gene 21,0.2711864406779661,0.10000198985339094,Late
Gene 21,0.288135593220339,0.10000488739594643,Late
Gene 21,0.3050847457627119,0.10001165744063646,Late
Gene 21,0.3220338983050847,0.10002700213749145,Late
Gene 21,0.3389830508474576,0.10006073825625539,Late
Gene 21,0.3559322033898305,0.10013267702909395,Late
Gene 21,0.3728813559322034,0.10028144815134665,Late
Gene 21,0.3898305084745763,0.10057978944665928,Late
Gene 21,0.4067796610169492,0.10115987571427858,Late
Gene 21,0.423728813559322,0.10225331468888012,Late
Gene 21,0.4406779661016949,0.10425110159283643,Late
Gene 21,0.4576271186440678,0.10778843793496515,Late
Gene 21,0.4745762711864407,0.1138569766914462,Late
Gene 21,0.4915254237288136,0.12394174787058702,Late
Gene 21,0.5084745762711864,0.14017098334395772,Late
Gene 21,0.5254237288135594,0.16545432015558983,Late
Gene 21,0.5423728813559322,0.20356986575776295,Late
Gene 21,0.559322033898305,0.25914674252557324,Late
Gene 21,0.576271186440678,0.3374823498971239,Late
Gene 21,0.5932203389830508,0.4441392160135317,Late
Gene 21,0.6101694915254238,0.5842908188943406,Late
Gene 21,0.6271186440677966,0.761831677554268,Late
Gene 21,0.6440677966101694,0.9783307913802822,Late
Gene 21,0.6610169491525424,1.231977798785183,Late
Gene 21,0.6779661016949152,1.5167295548829072,Late
Gene 21,0.6949152542372882,1.8218893590654544,Late
Gene 21,0.711864406779661,2.1323231953445974,Late
Gene 21,0.7288135593220338,2.42942938180008,Late
Gene 21,0.7457627118644068,2.692839102840323,Late
Gene 21,0.7627118644067796,2.9026626754695743,Late
Gene 21,0.7796610169491526,3.0419503254725475,Late
Gene 21,0.7966101694915254,3.09894902959301,Late
Gene 21,0.8135593220338984,3.0687394052116006,Late
Gene 21,0.8305084745762712,2.9539365476569546,Late
Gene 21,0.847457627118644,2.764316366563683,Late
Gene 21,0.864406779661017,2.5154414549111253,Late
Gene 21,0.8813559322033898,2.226554326765821,Late
Gene 21,0.8983050847457628,1.918133177674782,Late
Gene 21,0.9152542372881356,1.6095383312053082,Late
Gene 21,0.9322033898305084,1.317115637520771,Late
Gene 21,0.9491525423728814,1.0529909636699806,Late
Gene 21,0.9661016949152542,0.8246277582316756,Late
Gene 21,0.9830508474576272,0.6350697436368082,Late
Gene 21,1.0,0.4836852152299005,Late
Gene 19,0.0,0.10000000000825515,Late
Gene 19,0.01694915254237288,0.10000000002837237,Late
Gene 19,0.03389830508474576,0.1000000000946968,Late
Gene 19,0.05084745762711865,0.10000000030693347,Late
Gene 19,0.06779661016949153,0.1000000009661009,Late
Gene 19,0.0847457627118644,0.10000000295304427,Late
Gene 19,0.1016949152542373,0.10000000876570143,Late
Gene 19,0.11864406779661017,0.10000002526810282,Late
Gene 19,0.13559322033898305,0.10000007073393843,Late
Gene 19,0.15254237288135594,0.10000019228804688,Late
Gene 19,0.1694915254237288,0.10000050762848005,Late
Gene 19,0.1864406779661017,0.10000130139434399,Late
Gene 19,0.2033898305084746,0.1000032399707799,Late
Gene 19,0.22033898305084745,0.10000783325952625,Late
Gene 19,0.23728813559322035,0.10001839133186105,Late
Gene 19,0.2542372881355932,0.1000419327253952,Late
Gene 19,0.2711864406779661,0.10009284579570114,Late
Gene 19,0.288135593220339,0.10019963681774226,Late
Gene 19,0.3050847457627119,0.10041685813186851,Late
Gene 19,0.3220338983050847,0.10084528888988235,Late
Gene 19,0.3389830508474576,0.10166452869808566,Late
Gene 19,0.3559322033898305,0.10318307342737305,Late
Gene 19,0.3728813559322034,0.10591114034118314,Late
Gene 19,0.3898305084745763,0.11066019446469519,Late
Gene 19,0.4067796610169492,0.11866930829663076,Late
Gene 19,0.423728813559322,0.13175123126728422,Late
Gene 19,0.4406779661016949,0.15243993666730848,Late
Gene 19,0.4576271186440678,0.18410716398710547,Late
Gene 19,0.4745762711864407,0.23100053322754463,Late
Gene 19,0.4915254237288136,0.29814466387877236,Late
Gene 19,0.5084745762711864,0.39104553579047063,Late
Gene 19,0.5254237288135594,0.5151535413062027,Late
Gene 19,0.5423728813559322,0.6750767304809484,Late
Gene 19,0.559322033898305,0.8735922077431613,Late
Gene 19,0.576271186440678,1.11057283894756,Late
Gene 19,0.5932203389830508,1.382012914446669,Late
Gene 19,0.6101694915254238,1.6793792288360738,Late
Gene 19,0.6271186440677966,1.989512144361893,Late
Gene 19,0.6440677966101694,2.295240955597538,Late
Gene 19,0.6610169491525424,2.576760135831086,Late
Gene 19,0.6779661016949152,2.8136569493924517,Late
Gene 19,0.6949152542372882,2.9873217624591137,Late
Gene 19,0.711864406779661,3.083353161964306,Late
Gene 19,0.7288135593220338,3.0935284739980773,Late
Gene 19,0.7457627118644068,3.01696597460365,Late
Gene 19,0.7627118644067796,2.8602510041502547,Late
Gene 19,0.7796610169491526,2.6365009733411555,Late
Gene 19,0.7966101694915254,2.3635533429533235,Late
Gene 19,0.8135593220338984,2.0616235975609363,Late
Gene 19,0.8305084745762712,1.7508585542402466,Late
Gene 19,0.847457627118644,1.4491905639129876,Late
Gene 19,0.864406779661017,1.1707940991997596,Late
Gene 19,0.8813559322033898,0.925292478127638,Late
Gene 19,0.8983050847457628,0.7177020575743653,Late
Gene 19,0.9152542372881356,0.5489722019488851,Late
Gene 19,0.9322033898305084,0.4169050067377449,Late
Gene 19,0.9491525423728814,0.31722409279306263,Late
Gene 19,0.9661016949152542,0.24459594939704254,Late
Gene 19,0.9830508474576272,0.19347027180824528,Late
Gene 19,1.0,0.15867594969375012,Late
Gene 08,0.0,0.13112615691507953,Early
Gene 08,0.01694915254237288,0.15146556373428932,Early
Gene 08,0.03389830508474576,0.18263750747116395,Early
Gene 08,0.05084745762711865,0.22885667720380695,Early
Gene 08,0.06779661016949153,0.29512184338453784,Early
Gene 08,0.0847457627118644,0.38692876951984134,Early
Gene 08,0.1016949152542373,0.5097430019954925,Early
Gene 08,0.11864406779661017,0.6682222527259709,Early
Gene 08,0.13559322033898305,0.8652338515702221,Early
Gene 08,0.15254237288135594,1.100781694871067,Early
Gene 08,0.1694915254237288,1.3710240731630903,Early
Gene 08,0.1864406779661017,1.667607897082699,Early
Gene 08,0.2033898305084746,1.9775449907519667,Early
Gene 08,0.22033898305084745,2.2837982118160483,Early
Gene 08,0.23728813559322035,2.56662939633425,Early
Gene 08,0.2542372881355932,2.80560593759125,Early
Gene 08,0.2711864406779661,2.9820029910178643,Early
Gene 08,0.288135593220339,3.0812167629536593,Early
Gene 08,0.3050847457627119,3.094759321376191,Early
Gene 08,0.3220338983050847,3.0214572771419657,Early
Gene 08,0.3389830508474576,2.867619599022115,Early
Gene 08,0.3559322033898305,2.646141283479892,Early
Gene 08,0.3728813559322034,2.374719462131675,Early
Gene 08,0.3898305084745763,2.07352408801159,Early
Gene 08,0.4067796610169492,1.76274734580219,Early
Gene 08,0.423728813559322,1.4604398299649581,Early
Gene 08,0.4406779661016949,1.180940171481061,Early
Gene 08,0.4576271186440678,0.9340521748104998,Early
Gene 08,0.4745762711864407,0.7249625947107267,Early
Gene 08,0.4915254237288136,0.5547619015297557,Early
Gene 08,0.5084745762711864,0.4213537456111669,Early
Gene 08,0.5254237288135594,0.32052198968647727,Early
Gene 08,0.5423728813559322,0.24695679837244958,Early
Gene 08,0.559322033898305,0.19510354480396006,Early
Gene 08,0.576271186440678,0.1597685845854455,Early
Gene 08,0.5932203389830508,0.13647694690954865,Early
Gene 08,0.6101694915254238,0.12161888216941946,Early
Gene 08,0.6271186440677966,0.11244277452424936,Early
Gene 08,0.6440677966101694,0.10695457302462348,Early
Gene 08,0.6610169491525424,0.10377479138744164,Early
Gene 08,0.6779661016949152,0.10198968663520944,Early
Gene 08,0.6949152542372882,0.10101846393223055,Early
Gene 08,0.711864406779661,0.10050626262634545,Early
Gene 08,0.7288135593220338,0.10024438543863752,Early
Gene 08,0.7457627118644068,0.1001145629073994,Early
Gene 08,0.7627118644067796,0.10005215332134791,Early
Gene 08,0.7796610169491526,0.10002305627585235,Early
Gene 08,0.7966101694915254,0.1000098984134755,Early
Gene 08,0.8135593220338984,0.10000412677951678,Early
Gene 08,0.8305084745762712,0.10000167080661038,Early
Gene 08,0.847457627118644,0.10000065691676707,Early
Gene 08,0.864406779661017,0.10000025082091765,Early
Gene 08,0.8813559322033898,0.1000000930007394,Early
Gene 08,0.8983050847457628,0.1000000334871582,Early
Gene 08,0.9152542372881356,0.1000000117095291,Early
Gene 08,0.9322033898305084,0.10000000397621454,Early
Gene 08,0.9491525423728814,0.10000000131120149,Early
Gene 08,0.9661016949152542,0.10000000041989268,Early
Gene 08,0.9830508474576272,0.10000000013057993,Early
Gene 08,1.0,0.10000000003943518,Early
Gene 04,0.0,1.120415525012969,Early
Gene 04,0.01694915254237288,1.3930406896690175,Early
Gene 04,0.03389830508474576,1.6911699527356436,Early
Gene 04,0.05084745762711865,2.0014731184769063,Early
Gene 04,0.06779661016949153,2.3066479676697416,Early
Gene 04,0.0847457627118644,2.5868246439969327,Early
Gene 04,0.1016949152542373,2.821613897453644,Early
Gene 04,0.11864406779661017,2.9925249173580477,Early
Gene 04,0.13559322033898305,3.0853616337595366,Early
Gene 04,0.15254237288135594,3.092168379127545,Early
Gene 04,0.1694915254237288,3.0123552844395878,Early
Gene 04,0.1864406779661017,2.8527826550800746,Early
Gene 04,0.2033898305084746,2.626787591315131,Early
Gene 04,0.22033898305084745,2.352344364504428,Early
Gene 04,0.23728813559322035,2.049710320035163,Early
Gene 04,0.2542372881355932,1.738983695169812,Early
Gene 04,0.2711864406779661,1.437976295855044,Early
Gene 04,0.288135593220339,1.1606972649813068,Early
Gene 04,0.3050847457627119,0.9165893699790427,Early
Gene 04,0.3220338983050847,0.7104993962293148,Early
Gene 04,0.3389830508474576,0.5432369919608009,Early
Gene 04,0.3559322033898305,0.41250430352568623,Early
Gene 04,0.3728813559322034,0.31396623730407003,Early
Gene 04,0.3898305084745763,0.2422668579610978,Early
Gene 04,0.4067796610169492,0.19186106454368676,Early
Gene 04,0.423728813559322,0.1576007915395496,Early
Gene 04,0.4406779661016949,0.1350747571223027,Early
Gene 04,0.4576271186440678,0.12074102126836098,Early
Gene 04,0.4745762711864407,0.11191063304693495,Early
Gene 04,0.4915254237288136,0.10664215179002545,Early
Gene 04,0.5084745762711864,0.10359709568898771,Early
Gene 04,0.5254237288135594,0.1018917529909821,Early
Gene 04,0.5423728813559322,0.10096615345460988,Early
Gene 04,0.559322033898305,0.10047917818298306,Early
Gene 04,0.576271186440678,0.1002307901158333,Early
Gene 04,0.5932203389830508,0.10010794601576366,Early
Gene 04,0.6101694915254238,0.10004903038156938,Early
Gene 04,0.6271186440677966,0.10002162684522903,Early
Gene 04,0.6440677966101694,0.10000926382441507,Early
Gene 04,0.6610169491525424,0.10000385351186974,Early
Gene 04,0.6779661016949152,0.10000155665485562,Early
Gene 04,0.6949152542372882,0.10000061065680871,Early
Gene 04,0.711864406779661,0.10000023263299947,Early
Gene 04,0.7288135593220338,0.10000008606264324,Early
Gene 04,0.7457627118644068,0.10000003091913133,Early
Gene 04,0.7627118644067796,0.10000001078720994,Early
Gene 04,0.7796610169491526,0.10000000365477144,Early
Gene 04,0.7966101694915254,0.10000000120248746,Early
Gene 04,0.8135593220338984,0.10000000038421131,Early
Gene 04,0.8305084745762712,0.10000000011921448,Early
Gene 04,0.847457627118644,0.10000000003592172,Early
Gene 04,0.864406779661017,0.10000000001051125,Early
Gene 04,0.8813559322033898,0.10000000000298691,Early
Gene 04,0.8983050847457628,0.10000000000082425,Early
Gene 04,0.9152542372881356,0.10000000000022088,Early
Gene 04,0.9322033898305084,0.10000000000005749,Early
Gene 04,0.9491525423728814,0.10000000000001454,Early
Gene 04,0.9661016949152542,0.10000000000000357,Early
Gene 04,0.9830508474576272,0.10000000000000085,Early
Gene 04,1.0,0.1000000000000002,Early
Gene 18,0.0,0.10000000013034255,Late
Gene 18,0.01694915254237288,0.10000000041914828,Late
Gene 18,0.03389830508474576,0.10000000130893595,Late
Gene 18,0.05084745762711865,0.10000000396952331,Late
Gene 18,0.06779661016949153,0.1000000116903513,Late
Gene 18,0.0847457627118644,0.10000003343382093,Late
Gene 18,0.1016949152542373,0.10000009285679833,Late
Gene 18,0.11864406779661017,0.10000025044400603,Late
Gene 18,0.13559322033898305,0.10000065595919204,Late
Gene 18,0.15254237288135594,0.10000166844634922,Late
Gene 18,0.1694915254237288,0.10000412113568159,Late
Gene 18,0.1864406779661017,0.10000988532207909,Late
Gene 18,0.2033898305084746,0.10002302682063155,Late
Gene 18,0.22033898305084745,0.10005208904266075,Late
Gene 18,0.23728813559322035,0.10011442686953197,Late
Gene 18,0.2542372881355932,0.10024410625128007,Late
Gene 18,0.2711864406779661,0.10050570707477854,Late
Gene 18,0.288135593220339,0.1010173921934772,Late
Gene 18,0.3050847457627119,0.10198768250840526,Late
Gene 18,0.3220338983050847,0.10377115926808797,Late
Gene 18,0.3389830508474576,0.10694819464875925,Late
Gene 18,0.3559322033898305,0.11243192329417316,Late
Gene 18,0.3728813559322034,0.12160100267802953,Late
Gene 18,0.3898305084745763,0.13644842304526061,Late
Gene 18,0.4067796610169492,0.15972454076014048,Late
Gene 18,0.423728813559322,0.19503774834485268,Late
Gene 18,0.4406779661016949,0.24686175075667235,Late
Gene 18,0.4576271186440678,0.32038930100374696,Late
Gene 18,0.4745762711864407,0.4211748701789334,Late
Gene 18,0.4915254237288136,0.5545292648562224,Late
Gene 18,0.5084745762711864,0.7246710613988553,Late
Gene 18,0.5254237288135594,0.9337007024594156,Late
Gene 18,0.5423728813559322,1.1805333884229892,Late
Gene 18,0.559322033898305,1.4599891959564966,Late
Gene 18,0.576271186440678,1.7622715383298244,Late
Gene 18,0.5932203389830508,2.073048327847804,Late
Gene 18,0.6101694915254238,2.374273655091501,Late
Gene 18,0.6271186440677966,2.6457570880631978,Late
Gene 18,0.6440677966101694,2.8673267819098025,Late
Gene 18,0.6610169491525424,3.021279924526406,Late
Gene 18,0.6779661016949152,3.094712571093495,Late
Gene 18,0.6949152542372882,3.0813046716977177,Late
Gene 18,0.711864406779661,2.982217953305499,Late
Gene 18,0.7288135593220338,2.80592977187108,Late
Gene 18,0.7457627118644068,2.567035883171408,Late
Gene 18,0.7627118644067796,2.2842565928587284,Late
Gene 18,0.7796610169491526,1.9780237820542586,Late
Gene 18,0.7966101694915254,1.6680783670488735,Late
Gene 18,0.8135593220338984,1.3714628715318444,Late
Gene 18,0.8305084745762712,1.1011723466592345,Late
Gene 18,0.847457627118644,0.8655670827525209,Late
Gene 18,0.864406779661017,0.6684953299875891,Late
Gene 18,0.8813559322033898,0.5099584048725561,Late
Gene 18,0.8983050847457628,0.38709255564701117,Late
Gene 18,0.9152542372881356,0.2952420286306644,Late
Gene 18,0.9322033898305084,0.22894186131798902,Late
Gene 18,0.9491525423728814,0.1826958665086499,Late
Gene 18,0.9661016949152542,0.151504231664535,Late
Gene 18,0.9830508474576272,0.1311509479283653,Late
Gene 18,1.0,0.11829653557316147,Late
Gene 24,0.0,0.1,Late
Gene 24,0.01694915254237288,0.1,Late
Gene 24,0.03389830508474576,0.10000000000000002,Late
Gene 24,0.05084745762711865,0.10000000000000009,Late
Gene 24,0.06779661016949153,0.1000000000000004,Late
Gene 24,0.0847457627118644,0.10000000000000166,Late
Gene 24,0.1016949152542373,0.10000000000000683,Late
Gene 24,0.11864406779661017,0.10000000000002746,Late
Gene 24,0.13559322033898305,0.10000000000010717,Late
Gene 24,0.15254237288135594,0.10000000000040628,Late
Gene 24,0.1694915254237288,0.10000000000149574,Late
Gene 24,0.1864406779661017,0.10000000000534763,Late
Gene 24,0.2033898305084746,0.10000000001856688,Late
Gene 24,0.22033898305084745,0.10000000006260158,Late
Gene 24,0.23728813559322035,0.10000000020497508,Late
Gene 24,0.2542372881355932,0.10000000065175758,Late
Gene 24,0.2711864406779661,0.10000000201252073,Late
Gene 24,0.288135593220339,0.10000000603481388,Late
Gene 24,0.3050847457627119,0.10000001757343427,Late
Gene 24,0.3220338983050847,0.10000004969568099,Late
Gene 24,0.3389830508474576,0.10000013647399182,Late
Gene 24,0.3559322033898305,0.10000036395725985,Late
Gene 24,0.3728813559322034,0.10000094258412717,Late
Gene 24,0.3898305084745763,0.10000237060448113,Late
Gene 24,0.4067796610169492,0.10000578985014616,Late
Gene 24,0.423728813559322,0.10001373234764059,Late
Gene 24,0.4406779661016949,0.10003162943969429,Late
Gene 24,0.4576271186440678,0.10007074690599208,Late
Gene 24,0.4745762711864407,0.10015367125840366,Late
Gene 24,0.4915254237288136,0.10032415079230333,Late
Gene 24,0.5084745762711864,0.10066400411484033,Late
Gene 24,0.5254237288135594,0.10132088101288664,Late
Gene 24,0.5423728813559322,0.1025516779904192,Late
Gene 24,0.559322033898305,0.10478693225420373,Late
Gene 24,0.576271186440678,0.10872083236559726,Late
Gene 24,0.5932203389830508,0.11542864687036455,Late
Gene 24,0.6101694915254238,0.12650739093399554,Late
Gene 24,0.6271186440677966,0.1442257667137175,Late
Gene 24,0.6440677966101694,0.17165607269255,Late
Gene 24,0.6610169491525424,0.21274567117594284,Late
Gene 24,0.6779661016949152,0.27227251511984357,Late
Gene 24,0.6949152542372882,0.3556238407246005,Late
Gene 24,0.711864406779661,0.4683460022830199,Late
Gene 24,0.7288135593220338,0.6154420067729914,Late
Gene 24,0.7457627118644068,0.8004431639347765,Late
Gene 24,0.7627118644067796,1.024347426600405,Late
Gene 24,0.7796610169491526,1.2845865992539787,Late
Gene 24,0.7966101694915254,1.5742381231480955,Late
Gene 24,0.8135593220338984,1.8817128142096557,Late
Gene 24,0.8305084745762712,2.1911106446520816,Late
Gene 24,0.847457627118644,2.483337605384695,Late
Gene 24,0.864406779661017,2.7379305760547026,Late
Gene 24,0.8813559322033898,2.93537431911759,Late
Gene 24,0.8983050847457628,3.0595568361041363,Late
Gene 24,0.9152542372881356,3.0999375313538446,Late
Gene 24,0.9322033898305084,3.0530240333469467,Late
Gene 24,0.9491525423728814,2.922870759423361,Late
Gene 24,0.9661016949152542,2.7205005321357434,Late
Gene 24,0.9830508474576272,2.4623636572975984,Late
Gene 24,1.0,2.168133154286746,Late
Gene 01,0.0,2.965359783946321,Early
Gene 01,0.01694915254237288,3.074042852764046,Early
Gene 01,0.03389830508474576,3.09767486336631,Early
Gene 01,0.05084745762711865,3.034209196545983,Early
Gene 01,0.06779661016949153,2.8891178502820165,Early
Gene 01,0.0847457627118644,2.674612656425887,Early
Gene 01,0.1016949152542373,2.4079488419952506,Early
Gene 01,0.11864406779661017,2.109137684772143,Early
Gene 01,0.13559322033898305,1.7984879292033455,Early
Gene 01,0.15254237288135594,1.4943906865857595,Early
Gene 01,0.1694915254237288,1.2116695896248173,Early
Gene 01,0.1864406779661017,0.9606691196481988,Early
Gene 01,0.2033898305084746,0.7470918947187642,Early
Gene 01,0.22033898305084745,0.5724598878319357,Early
Gene 01,0.23728813559322035,0.4349910225383632,Early
Gene 01,0.2542372881355932,0.3306591237937936,Early
Gene 01,0.2711864406779661,0.2542330158729854,Early
Gene 01,0.288135593220339,0.20015054275998473,Early
Gene 01,0.3050847457627119,0.16315365745168442,Early
Gene 01,0.3220338983050847,0.1386734530232075,Early
Gene 01,0.3389830508474576,0.12299834779418334,Early
Gene 01,0.3559322033898305,0.11328157465148736,Early
Gene 01,0.3728813559322034,0.10744855006899415,Early
Gene 01,0.3898305084745763,0.10405660908260485,Early
Gene 01,0.4067796610169492,0.10214547678396443,Early
Gene 01,0.423728813559322,0.10110192928135125,Early
Gene 01,0.4406779661016949,0.10054960777944033,Early
Gene 01,0.4576271186440678,0.10026620809799959,Early
Gene 01,0.4745762711864407,0.10012521573212625,Early
Gene 01,0.4915254237288136,0.10005719601550966,Early
Gene 01,0.5084745762711864,0.10002537125187642,Early
Gene 01,0.5254237288135594,0.10001092917202786,Early
Gene 01,0.5423728813559322,0.1000045719541927,Early
Gene 01,0.559322033898305,0.10000185731566845,Early
Gene 01,0.576271186440678,0.10000073272130244,Early
Gene 01,0.5932203389830508,0.10000028071211539,Early
Gene 01,0.6101694915254238,0.10000010443660355,Early
Gene 01,0.6271186440677966,0.10000003773232491,Early
Gene 01,0.6440677966101694,0.100000013238648,Early
Gene 01,0.6610169491525424,0.10000000451068966,Early
Gene 01,0.6779661016949152,0.10000000149249026,Early
Gene 01,0.6949152542372882,0.10000000047956702,Early
Gene 01,0.711864406779661,0.10000000014964298,Early
Gene 01,0.7288135593220338,0.10000000004534534,Early
Gene 01,0.7457627118644068,0.10000000001334376,Early
Gene 01,0.7627118644067796,0.10000000000381323,Early
Gene 01,0.7796610169491526,0.10000000000105823,Early
Gene 01,0.7966101694915254,0.1000000000002852,Early
Gene 01,0.8135593220338984,0.10000000000007464,Early
Gene 01,0.8305084745762712,0.10000000000001898,Early
Gene 01,0.847457627118644,0.10000000000000468,Early
Gene 01,0.864406779661017,0.10000000000000113,Early
Gene 01,0.8813559322033898,0.10000000000000027,Early
Gene 01,0.8983050847457628,0.10000000000000006,Early
Gene 01,0.9152542372881356,0.10000000000000002,Early
Gene 01,0.9322033898305084,0.1,Early
Gene 01,0.9491525423728814,0.1,Early
Gene 01,0.9661016949152542,0.1,Early
Gene 01,0.9830508474576272,0.1,Early
Gene 01,1.0,0.1,Early
Gene 07,0.0,0.19340544329791776,Early
Gene 07,0.01694915254237288,0.24450217806908056,Early
Gene 07,0.03389830508474576,0.3170930119080233,Early
Gene 07,0.05084745762711865,0.41672805823459713,Early
Gene 07,0.06779661016949153,0.5487417486780275,Early
Gene 07,0.0847457627118644,0.7174128402412681,Early
Gene 07,0.1016949152542373,0.924943266247137,Early
Gene 07,0.11864406779661017,1.1703892777160687,Early
Gene 07,0.13559322033898305,1.4487413166855405,Early
Gene 07,0.15254237288135594,1.750383286182766,Early
Gene 07,0.1694915254237288,2.0611473045821382,Early
Gene 07,0.1864406779661017,2.363105798845314,Early
Gene 07,0.2033898305084746,2.6361138335984204,Early
Gene 07,0.22033898305084745,2.859954179400463,Early
Gene 07,0.23728813559322035,3.0167838353716077,Early
Gene 07,0.2542372881355932,3.0934765506338757,Early
Gene 07,0.2711864406779661,3.0834359588253992,Early
Gene 07,0.288135593220339,2.9875321129309116,Early
Gene 07,0.3050847457627119,2.8139770398051485,Early
Gene 07,0.3220338983050847,2.5771639954252463,Early
Gene 07,0.3389830508474576,2.295697929962219,Early
Gene 07,0.3559322033898305,1.9899907091399625,Early
Gene 07,0.3728813559322034,1.6798504913012975,Early
Gene 07,0.3898305084745763,1.3824532820539932,Early
Gene 07,0.4067796610169492,1.1109655591188905,Early
Gene 07,0.423728813559322,0.873927736275684,Early
Gene 07,0.4406779661016949,0.6753521039101639,Early
Gene 07,0.4576271186440678,0.51537106804024,Early
Gene 07,0.4745762711864407,0.39121116675437473,Early
Gene 07,0.4915254237288136,0.29826636713000276,Early
Gene 07,0.5084745762711864,0.2310869072193538,Early
Gene 07,0.5254237288135594,0.18416641491390268,Early
Gene 07,0.5423728813559322,0.1524792456518114,Early
Gene 07,0.559322033898305,0.13177646501534324,Early
Gene 07,0.576271186440678,0.11868498804528654,Early
Gene 07,0.5932203389830508,0.1106696287847455,Early
Gene 07,0.6101694915254238,0.10591663854906842,Early
Gene 07,0.6271186440677966,0.10318617782872092,Early
Gene 07,0.6440677966101694,0.1016662272283851,Early
Gene 07,0.6610169491525424,0.10084618960616087,Early
Gene 07,0.6779661016949152,0.10041732114416647,Early
Gene 07,0.6949152542372882,0.10019986757158224,Early
Gene 07,0.711864406779661,0.10009295730528651,Early
Gene 07,0.7288135593220338,0.10004198498079722,Early
Gene 07,0.7457627118644068,0.10001841508109308,Early
Gene 07,0.7627118644067796,0.10000784372855734,Early
Gene 07,0.7796610169491526,0.10000324444726563,Early
Gene 07,0.7966101694915254,0.10000130325118009,Early
Gene 07,0.8135593220338984,0.10000050837569313,Early
Gene 07,0.8305084745762712,0.10000019257977355,Early
Gene 07,0.847457627118644,0.10000007084444615,Early
Gene 07,0.864406779661017,0.10000002530872056,Early
Gene 07,0.8813559322033898,0.100000008780188,Early
Gene 07,0.8983050847457628,0.10000000295805798,Early
Gene 07,0.9152542372881356,0.1000000009677848,Early
Gene 07,0.9322033898305084,0.10000000030748232,Early
Gene 07,0.9491525423728814,0.10000000009487041,Early
Gene 07,0.9661016949152542,0.10000000002842567,Early
Gene 07,0.9830508474576272,0.10000000000827104,Early
Gene 07,1.0,0.10000000000233711,Early
Gene 23,0.0,0.10000000000000003,Late
Gene 23,0.01694915254237288,0.10000000000000013,Late
Gene 23,0.03389830508474576,0.10000000000000057,Late
Gene 23,0.05084745762711865,0.10000000000000243,Late
Gene 23,0.06779661016949153,0.10000000000000997,Late
Gene 23,0.0847457627118644,0.10000000000003972,Late
Gene 23,0.1016949152542373,0.10000000000015387,Late
Gene 23,0.11864406779661017,0.10000000000057872,Late
Gene 23,0.13559322033898305,0.10000000000211386,Late
Gene 23,0.15254237288135594,0.10000000000749815,Late
Gene 23,0.1694915254237288,0.10000000002582878,Late
Gene 23,0.1864406779661017,0.10000000008640178,Late
Gene 23,0.2033898305084746,0.10000000028067965,Late
Gene 23,0.22033898305084745,0.10000000088545898,Late
Gene 23,0.23728813559322035,0.10000000271265903,Late
Gene 23,0.2542372881355932,0.10000000807032852,Late
Gene 23,0.2711864406779661,0.10000002331612978,Late
Gene 23,0.288135593220339,0.10000006541705031,Late
Gene 23,0.3050847457627119,0.10000017823569946,Late
Gene 23,0.3220338983050847,0.1000004715933532,Late
Gene 23,0.3389830508474576,0.1000012117412697,Late
Gene 23,0.3559322033898305,0.10000302357932467,Late
Gene 23,0.3728813559322034,0.10000732659319032,Late
Gene 23,0.3898305084745763,0.10001724058636689,Late
Gene 23,0.4067796610169492,0.1000393977327993,Late
Gene 23,0.423728813559322,0.10008742983763577,Late
Gene 23,0.4406779661016949,0.10018841581654409,Late
Gene 23,0.4576271186440678,0.10039431589609506,Late
Gene 23,0.4745762711864407,0.10080138361204999,Late
Gene 23,0.4915254237288136,0.10158163356323473,Late
Gene 23,0.5084745762711864,0.1030313810488286,Late
Gene 23,0.5254237288135594,0.10564214747397685,Late
Gene 23,0.5423728813559322,0.11019806038738213,Late
Gene 23,0.559322033898305,0.11790028594292866,Late
Gene 23,0.576271186440678,0.13051206502749746,Late
Gene 23,0.5932203389830508,0.15050710516665922,Late
Gene 23,0.6101694915254238,0.18119001042259764,Late
Gene 23,0.6271186440677966,0.22674240981301422,Late
Gene 23,0.6440677966101694,0.292136806019761,Late
Gene 23,0.6610169491525424,0.3828579679321855,Late
Gene 23,0.6779661016949152,0.5043854402972935,Late
Gene 23,0.6949152542372882,0.6614251293151532,Late
Gene 23,0.711864406779661,0.8569329802218121,Late
Gene 23,0.7288135593220338,1.091042438430692,Late
Gene 23,0.7457627118644068,1.3600747810157081,Late
Gene 23,0.7627118644067796,1.6558568300063525,Late
Gene 23,0.7796610169491526,1.9655727313482725,Late
Gene 23,0.7966101694915254,2.2723209123619976,Late
Gene 23,0.8135593220338984,2.5564335732041794,Late
Gene 23,0.8305084745762712,2.7974618383103915,Late
Gene 23,0.847457627118644,2.9765692768580156,Late
Gene 23,0.864406779661017,3.0789527135497647,Late
Gene 23,0.8813559322033898,3.095860761352214,Late
Gene 23,0.8983050847457628,3.02582861842375,Late
Gene 23,0.9152542372881356,2.8748875335044466,Late
Gene 23,0.9322033898305084,2.6557074063682347,Late
Gene 23,0.9491525423728814,2.3858415398454746,Late
Gene 23,0.9661016949152542,2.0854106786129822,Late
Gene 23,0.9830508474576272,1.774649135424796,Late
Gene 23,1.0,1.4717234061582853,Late
Gene 17,0.0,0.10000000176966684,Late
Gene 17,0.01694915254237288,0.10000000532456292,Late
Gene 17,0.03389830508474576,0.10000001555770953,Late
Gene 17,0.05084745762711865,0.10000004414449948,Late
Gene 17,0.06779661016949153,0.10000012164010291,Late
Gene 17,0.0847457627118644,0.10000032549641101,Late
Gene 17,0.1016949152542373,0.10000084583348327,Late
Gene 17,0.11864406779661017,0.10000213448341928,Late
Gene 17,0.13559322033898305,0.10000523082199675,Late
Gene 17,0.15254237288135594,0.1000124484804237,Late
Gene 17,0.1694915254237288,0.10002876947809526,Late
Gene 17,0.1864406779661017,0.10006456793092926,Late
Gene 17,0.2033898305084746,0.10014072491643973,Late
Gene 17,0.22033898305084745,0.10029784778358054,Late
Gene 17,0.23728813559322035,0.10061219106869948,Late
Gene 17,0.2542372881355932,0.10122193709612673,Late
Gene 17,0.2711864406779661,0.10236853579868296,Late
Gene 17,0.288135593220339,0.10445841303994254,Late
Gene 17,0.3050847457627119,0.10814985516709885,Late
Gene 17,0.3220338983050847,0.11446734122933513,Late
Gene 17,0.3389830508474576,0.12494002029072104,Late
Gene 17,0.3559322033898305,0.14175169617278208,Late
Gene 17,0.3728813559322034,0.16787669502605543,Late
Gene 17,0.3898305084745763,0.2071609354217624,Late
Gene 17,0.4067796610169492,0.2642939410152614,Late
Gene 17,0.423728813559322,0.34461092072740135,Late
Gene 17,0.4406779661016949,0.45367094328696833,Late
Gene 17,0.4576271186440678,0.5965833599074363,Late
Gene 17,0.4745762711864407,0.7771021424509903,Late
Gene 17,0.4915254237288136,0.9965725885771025,Late
Gene 17,0.5084745762711864,1.2528849480253563,Late
Gene 17,0.5254237288135594,1.5396460330782205,Late
Gene 17,0.5423728813559322,1.8458009446245045,Late
Gene 17,0.559322033898305,2.1559046408389944,Late
Gene 17,0.576271186440678,2.4511506264584892,Late
Gene 17,0.5932203389830508,2.711122113323232,Late
Gene 17,0.6101694915254238,2.9160681191281568,Late
Gene 17,0.6271186440677966,3.0493639839811357,Late
Gene 17,0.6440677966101694,3.0997346017883163,Late
Gene 17,0.6610169491525424,3.0628286550380395,Late
Gene 17,0.6779661016949152,2.9418390873369504,Late
Gene 17,0.6949152542372882,2.747047130138397,Late
Gene 17,0.711864406779661,2.4943801746775045,Late
Gene 17,0.7288135593220338,2.203263985520007,Late
Gene 17,0.7457627118644068,1.8941704781634625,Late
Gene 17,0.7627118644067796,1.5862876558293384,Late
Gene 17,0.7796610169491526,1.295669851480743,Late
Gene 17,0.7966101694915254,1.034090446158811,Late
Gene 17,0.8135593220338984,0.8086565817172057,Late
Gene 17,0.8305084745762712,0.6220979204417316,Late
Gene 17,0.847457627118644,0.4735401984818459,Late
Gene 17,0.864406779661017,0.35953263166822746,Late
Gene 17,0.8813559322033898,0.2751119721985219,Late
Gene 17,0.8983050847457628,0.21473844282647253,Late
Gene 17,0.9152542372881356,0.17300814387644498,Late
Gene 17,0.9322033898305084,0.14511312444397478,Late
Gene 17,0.9491525423728814,0.12707096573688337,Late
Gene 17,0.9661016949152542,0.11577516227255177,Late
Gene 17,0.9830508474576272,0.10892715684170556,Late
Gene 17,1.0,0.10490593441563775,Late
Gene 22,0.0,0.10000000000000085,Late
Gene 22,0.01694915254237288,0.10000000000000356,Late
Gene 22,0.03389830508474576,0.10000000000001451,Late
Gene 22,0.05084745762711865,0.10000000000005736,Late
Gene 22,0.06779661016949153,0.10000000000022044,Late
Gene 22,0.0847457627118644,0.1000000000008226,Late
Gene 22,0.1016949152542373,0.10000000000298107,Late
Gene 22,0.11864406779661017,0.10000000001049117,Late
Gene 22,0.13559322033898305,0.10000000003585467,Late
Gene 22,0.15254237288135594,0.10000000011899735,Late
Gene 22,0.1694915254237288,0.10000000038352883,Late
Gene 22,0.1864406779661017,0.1000000012004056,Late
Gene 22,0.2033898305084746,0.10000000364860846,Late
Gene 22,0.22033898305084745,0.10000001076950536,Late
Gene 22,0.23728813559322035,0.10000003086977723,Late
Gene 22,0.2542372881355932,0.10000008592914243,Late
Gene 22,0.2711864406779661,0.10000023228261325,Late
Gene 22,0.288135593220339,0.10000060976455061,Late
Gene 22,0.3050847457627119,0.10000155445045819,Late
Gene 22,0.3220338983050847,0.100003848228409,Late
Gene 22,0.3389830508474576,0.10000925154021612,Late
Gene 22,0.3559322033898305,0.10002159914122812,Late
Gene 22,0.3728813559322034,0.1000489697820087,Late
Gene 22,0.3898305084745763,0.10010781746110539,Late
Gene 22,0.4067796610169492,0.10023052566014103,Late
Gene 22,0.423728813559322,0.1004786506922826,Late
Gene 22,0.4406779661016949,0.1009651334145203,Late
Gene 22,0.4576271186440678,0.1018898409525726,Late
Gene 22,0.4745762711864407,0.10359362208259314,Late
Gene 22,0.4915254237288136,0.10663603692988866,Late
Gene 22,0.5084745762711864,0.11190020460985667,Late
Gene 22,0.5254237288135594,0.12072379590293464,Late
Gene 22,0.5423728813559322,0.1350472081463634,Late
Gene 22,0.559322033898305,0.15755814550018596,Late
Gene 22,0.576271186440678,0.1917971929113609,Late
Gene 22,0.5932203389830508,0.24217435045602634,Late
Gene 22,0.6101694915254238,0.3138367514192647,Late
Gene 22,0.6271186440677966,0.41232927047227097,Late
Gene 22,0.6440677966101694,0.5430087141050699,Late
Gene 22,0.6610169491525424,0.7102124928537225,Late
Gene 22,0.6779661016949152,0.9162424249039364,Late
Gene 22,0.6949152542372882,1.1602944215591742,Late
Gene 22,0.711864406779661,1.4375284627100218,Late
Gene 22,0.7288135593220338,1.7385090037281636,Late
Gene 22,0.7457627118644068,2.0492335386478193,Late
Gene 22,0.7627118644067796,2.3518951306121467,Late
Gene 22,0.7796610169491526,2.6263975519713036,Late
Gene 22,0.7966101694915254,2.8524818591606556,Late
Gene 22,0.8135593220338984,3.0121683818413034,Late
Gene 22,0.8305084745762712,3.0921112894266725,Late
Gene 22,0.847457627118644,3.0854393080066567,Late
Gene 22,0.864406779661017,2.9927306293476836,Late
Gene 22,0.8813559322033898,2.8219302051423996,Late
Gene 22,0.8983050847457628,2.5872258305208047,Late
Gene 22,0.9152542372881356,2.3071034882829395,Late
Gene 22,0.9322033898305084,2.0019514136566334,Late
Gene 22,0.9491525423728814,1.6916419726095744,Late
Gene 22,0.9661016949152542,1.3934826016907405,Late
Gene 22,0.9830508474576272,1.1208102995315028,Late
Gene 22,1.0,0.8823457694551798,Late
Gene 15,0.0,0.10000020741232114,Middle
Gene 15,0.01694915254237288,0.10000054632233303,Middle
Gene 15,0.03389830508474576,0.10000139743816665,Middle
Gene 15,0.05084745762711865,0.10000347124678148,Middle
Gene 15,0.06779661016949153,0.10000837351153978,Middle
Gene 15,0.0847457627118644,0.1000196154826986,Middle
Gene 15,0.1016949152542373,0.10004462308787723,Middle
Gene 15,0.11864406779661017,0.10009858015196203,Middle
Gene 15,0.13559322033898305,0.10021148939277931,Middle
Gene 15,0.15254237288135594,0.10044061262884392,Middle
Gene 15,0.1694915254237288,0.10089144496155619,Middle
Gene 15,0.1864406779661017,0.1017514646329811,Middle
Gene 15,0.2033898305084746,0.10334177690282176,Middle
Gene 15,0.22033898305084745,0.1061918835122134,Middle
Gene 15,0.23728813559322035,0.11114133788201097,Middle
Gene 15,0.2542372881355932,0.11946799188542827,Middle
Gene 15,0.2711864406779661,0.13303499240914457,Middle
Gene 15,0.288135593220339,0.1544372915829961,Middle
Gene 15,0.3050847457627119,0.1871140192065231,Middle
Gene 15,0.3220338983050847,0.23537823155427773,Middle
Gene 15,0.3389830508474576,0.3043049388303779,Middle
Gene 15,0.3559322033898305,0.39941816021483956,Middle
Gene 15,0.3728813559322034,0.5261344577049311,Middle
Gene 15,0.3898305084745763,0.688958117944665,Middle
Gene 15,0.4067796610169492,0.8904809621501834,Middle
Gene 15,0.423728813559322,1.1303093973084462,Middle
Gene 15,0.4406779661016949,1.4041067732408241,Middle
Gene 15,0.4576271186440678,1.7029791871856856,Middle
Gene 15,0.4745762711864407,2.0134268333821885,Middle
Gene 15,0.4915254237288136,2.318018070519724,Middle
Gene 15,0.5084745762711864,2.596821777078754,Middle
Gene 15,0.5254237288135594,2.8294758148852153,Middle
Gene 15,0.5423728813559322,2.997611795715956,Middle
Gene 15,0.559322033898305,3.087241917972246,Middle
Gene 15,0.576271186440678,3.0906792134148446,Middle
Gene 15,0.5932203389830508,3.007625794904936,Middle
Gene 15,0.6101694915254238,2.8452154685298363,Middle
Gene 15,0.6271186440677966,2.6170022580054275,Middle
Gene 15,0.6440677966101694,2.3410937087120907,Middle
Gene 15,0.6610169491525424,2.0377853631327887,Middle
Gene 15,0.6779661016949152,1.7271236945145019,Middle
Gene 15,0.6949152542372882,1.4267977034074457,Middle
Gene 15,0.711864406779661,1.1506500760639713,Middle
Gene 15,0.7288135593220338,0.9079430044076705,Middle
Gene 15,0.7457627118644068,0.7033545568281337,Middle
Gene 15,0.7627118644067796,0.537556069719366,Middle
Gene 15,0.7796610169491526,0.40815134792813146,Middle
Gene 15,0.7966101694915254,0.31074810311016465,Middle
Gene 15,0.8135593220338984,0.2399692128907975,Middle
Gene 15,0.8305084745762712,0.19027564704571456,Middle
Gene 15,0.847457627118644,0.15654288227374977,Middle
Gene 15,0.864406779661017,0.13439176933770977,Middle
Gene 15,0.8813559322033898,0.12031422878452618,Middle
Gene 15,0.8983050847457628,0.11165240048748182,Middle
Gene 15,0.9152542372881356,0.1064908221511242,Middle
Gene 15,0.9322033898305084,0.10351118134134253,Middle
Gene 15,0.9491525423728814,0.1018444889331319,Middle
Gene 15,0.9661016949152542,0.10094095334645269,Middle
Gene 15,0.9830508474576272,0.10046615395357723,Middle
Gene 15,1.0,0.1002242641715445,Middle
Gene 03,0.0,1.7741728260768552,Early
Gene 03,0.01694915254237288,2.0849354958705906,Early
Gene 03,0.03389830508474576,2.385397517163461,Early
Gene 03,0.05084745762711865,2.6553261997888056,Early
Gene 03,0.06779661016949153,2.8745987600728107,Early
Gene 03,0.0847457627118644,3.025656075087576,Early
Gene 03,0.1016949152542373,3.0958191902255456,Early
Gene 03,0.11864406779661017,3.079045722788704,Early
Gene 03,0.13559322033898305,2.976788823744873,Early
Gene 03,0.15254237288135594,2.7977893772294866,Early
Gene 03,0.1694915254237288,2.5568426413033816,Early
Gene 03,0.1864406779661017,2.2727806530720125,Early
Gene 03,0.2033898305084746,1.9660517063440628,Early
Gene 03,0.22033898305084745,1.6563264727473421,Early
Gene 03,0.23728813559322035,1.3605119857377446,Early
Gene 03,0.2542372881355932,1.0914310082034786,Early
Gene 03,0.2711864406779661,0.8572639101801113,Early
Gene 03,0.288135593220339,0.6616959142837708,Early
Gene 03,0.3050847457627119,0.504598728481602,Early
Gene 03,0.3220338983050847,0.3830199212515437,Early
Gene 03,0.3389830508474576,0.2922554861066179,Early
Gene 03,0.3559322033898305,0.22682641621955654,Early
Gene 03,0.3728813559322034,0.18124748815667235,Early
Gene 03,0.3898305084745763,0.15054514064475422,Early
Gene 03,0.4067796610169492,0.1305364199022046,Early
Gene 03,0.423728813559322,0.11791538196418878,Early
Gene 03,0.4406779661016949,0.11020712112586215,Early
Gene 03,0.4576271186440678,0.10564741507118526,Early
Gene 03,0.4745762711864407,0.10303434803334097,Early
Gene 03,0.4915254237288136,0.10158325299749434,Early
Gene 03,0.5084745762711864,0.10080224032711217,Early
Gene 03,0.5254237288135594,0.10039475523973229,Early
Gene 03,0.5423728813559322,0.10018863425477062,Early
Gene 03,0.559322033898305,0.10008753514621652,Early
Gene 03,0.576271186440678,0.10003944696600778,Early
Gene 03,0.5932203389830508,0.10001726290949581,Early
Gene 03,0.6101694915254238,0.10000733641052012,Early
Gene 03,0.6271186440677966,0.10000302776733799,Early
Gene 03,0.6440677966101694,0.10000121347439797,Early
Gene 03,0.6610169491525424,0.1000004722891621,Early
Gene 03,0.6779661016949152,0.1000001785067261,Early
Gene 03,0.6949152542372882,0.10000006551947874,Early
Gene 03,0.711864406779661,0.10000002335369079,Early
Gene 03,0.7288135593220338,0.10000000808369393,Early
Gene 03,0.7457627118644068,0.10000000271727405,Early
Gene 03,0.7627118644067796,0.1000000008870054,Early
Gene 03,0.7796610169491526,0.10000000028118253,Early
Gene 03,0.7966101694915254,0.10000000008656049,Early
Gene 03,0.8135593220338984,0.10000000002587738,Early
Gene 03,0.8305084745762712,0.10000000000751261,Early
Gene 03,0.847457627118644,0.10000000000211802,Early
Gene 03,0.864406779661017,0.10000000000057989,Early
Gene 03,0.8813559322033898,0.10000000000015419,Early
Gene 03,0.8983050847457628,0.10000000000003981,Early
Gene 03,0.9152542372881356,0.10000000000000998,Early
Gene 03,0.9322033898305084,0.10000000000000243,Early
Gene 03,0.9491525423728814,0.10000000000000057,Early
Gene 03,0.9661016949152542,0.10000000000000014,Early
Gene 03,0.9830508474576272,0.10000000000000003,Early
Gene 03,1.0,0.1,Early
Gene 05,0.0,0.6348080841485567,Early
Gene 05,0.01694915254237288,0.8243060651585896,Early
Gene 05,0.03389830508474576,1.0526108502624127,Early
Gene 05,0.05084745762711865,1.316685043126261,Early
Gene 05,0.06779661016949153,1.6090723372296325,Early
Gene 05,0.0847457627118644,1.9176538911412235,Early
Gene 05,0.1016949152542373,2.2260896159648813,Early
Gene 05,0.11864406779661017,2.515022524346008,Early
Gene 05,0.13559322033898305,2.7639744085096636,Early
Gene 05,0.15254237288135594,2.9536989453419022,Early
Gene 05,0.1694915254237288,3.068626120926573,Early
Gene 05,0.1864406779661017,3.0989698367995833,Early
Gene 05,0.2033898305084746,3.042103416975292,Early
Gene 05,0.22033898305084745,2.9029349224965375,Early
Gene 05,0.23728813559322035,2.693207913531614,Early
Gene 05,0.2542372881355932,2.4298657942983914,Early
Gene 05,0.2711864406779661,2.1327956185703383,Early
Gene 05,0.288135593220339,1.8223672939012259,Early
Gene 05,0.3050847457627119,1.5171866990189713,Early
Gene 05,0.3220338983050847,1.2323941279341255,Early
Gene 05,0.3389830508474576,0.9786934582694667,Early
Gene 05,0.3559322033898305,0.7621348111790672,Early
Gene 05,0.3728813559322034,0.5845344858644729,Early
Gene 05,0.3898305084745763,0.44432789497222613,Early
Gene 05,0.4067796610169492,0.3376232688672678,Early
Gene 05,0.423728813559322,0.25924835976283256,Early
Gene 05,0.4406779661016949,0.2036406703196652,Early
Gene 05,0.4576271186440678,0.16550202132275926,Early
Gene 05,0.4745762711864407,0.1402020717542269,Early
Gene 05,0.4915254237288136,0.12396135702375108,Early
Gene 05,0.5084745762711864,0.11386895150087478,Early
Gene 05,0.5254237288135594,0.10779552003776022,Early
Gene 05,0.5423728813559322,0.10425515905560596,Early
Gene 05,0.559322033898305,0.10225556708357544,Early
Gene 05,0.576271186440678,0.10116108747788692,Early
Gene 05,0.5932203389830508,0.100580421348621,Early
Gene 05,0.6101694915254238,0.10028176760340976,Early
Gene 05,0.6271186440677966,0.10013283361187211,Early
Gene 05,0.6440677966101694,0.10006081268079534,Early
Gene 05,0.6610169491525424,0.1000270364433394,Early
Gene 05,0.6779661016949152,0.1000116727776622,Early
Gene 05,0.6949152542372882,0.1000048940467192,Early
Gene 05,0.711864406779661,0.1000019926510476,Early
Gene 05,0.7288135593220338,0.10000078788645858,Early
Gene 05,0.7457627118644068,0.10000030252778264,Early
Gene 05,0.7627118644067796,0.10000011280702233,Early
Gene 05,0.7796610169491526,0.10000004084851291,Early
Gene 05,0.7966101694915254,0.10000001436433778,Early
Gene 05,0.8135593220338984,0.10000000490528461,Early
Gene 05,0.8305084745762712,0.1000000016267172,Early
Gene 05,0.847457627118644,0.10000000052387678,Early
Gene 05,0.864406779661017,0.10000000016383832,Early
Gene 05,0.8813559322033898,0.10000000004975894,Early
Gene 05,0.8983050847457628,0.1000000000146756,Early
Gene 05,0.9152542372881356,0.1000000000042033,Early
Gene 05,0.9322033898305084,0.10000000000116911,Early
Gene 05,0.9491525423728814,0.10000000000031578,Early
Gene 05,0.9661016949152542,0.10000000000008284,Early
Gene 05,0.9830508474576272,0.1000000000000211,Early
Gene 05,1.0,0.10000000000000522,Early
