feature,effect,q
Gene001,-0.056554214416819536,0.15386060577446944
Gene002,-1.3642385236310346,0.0038332748924381054
Gene003,-2.421427041601816,0.00735433049327741
Gene004,2.603276937164645,2.518831150789884e-05
Gene005,-0.1345345279938724,0.4103951470358129
Gene006,-3.1452438117207837,8.158629371079941e-07
Gene007,-0.2774928357954897,0.099551793831749
Gene008,1.4910426463536912,0.00041112954863799884
Gene009,0.45022622932737005,0.044693840004048684
Gene010,0.10383682282927324,0.954992586021436
Gene011,1.6884527548069277,0.0013995075356295226
Gene012,-0.6951059485365929,0.954992586021436
Gene013,0.5609492129445943,0.1771050712696007
Gene014,-0.8657865058585374,0.16632506847933579
Gene015,-1.1208581945970713,0.09841655324678762
Gene016,0.49548846865234986,0.15636886873809494
Gene017,1.372522775887334,0.0037348257454918976
Gene018,0.7386580771634179,0.04616535749273447
Gene019,-0.6162174614240075,0.01902156742094019
Gene020,0.5365985148402778,0.05011930131586463
Gene021,-0.06756700972239518,0.14516005780258437
Gene022,0.721932930922939,0.03210057157527284
Gene023,-0.4837213555903624,0.22673693279614443
Gene024,0.43903051478743094,0.22542365376312415
Gene025,-0.18226867680529293,0.2685358294692937
Gene026,1.6749793610719457,0.019217366401759684
Gene027,-2.215330249091776,0.00016202667337041028
Gene028,0.5898357532140238,0.954992586021436
Gene029,-2.169471191739918,0.003918606174842152
Gene030,-1.1224250248804148,0.009012639609556138
Gene031,-0.3182432713202317,0.8005215196480288
Gene032,-2.3377134077654387,4.067915284333609e-05
Gene033,1.9317330179582899,0.00492792677979685
Gene034,-1.018393972222612,0.017268417295739136
Gene035,-0.3078551795405351,0.20517554042153097
Gene036,0.2575118052505969,0.24430303844268889
Gene037,0.43145159513048087,0.27576133432599653
Gene038,3.5092145217907564,2.915399202379958e-06
Gene039,-0.0010312250098252897,0.954992586021436
Gene040,-1.3398213185935095,0.005549474418290045
Gene041,0.2491328214209394,0.954992586021436
Gene042,-1.0910829894543017,0.003223888477901203
Gene043,-0.09674130389450449,0.954992586021436
Gene044,0.5758408501158079,0.5749646227718689
Gene045,0.33326006084633963,0.5172898136806151
Gene046,1.4520161569840195,0.027865919258743783
Gene047,0.2716958574807689,0.4864499438022312
Gene048,-1.3061759798093804,0.05705034110900347
Gene049,0.4918538923295786,0.5884946535766502
Gene050,0.28461557255355346,0.954992586021436
Gene051,0.8693253544373328,0.1451051905085495
Gene052,-0.053321786995913965,0.954992586021436
Gene053,1.5844452823807993,0.009322581195402526
Gene054,-1.1577010655132705,0.036276795603762034
Gene055,-1.3702195968609223,0.004244731114369262
Gene056,-1.7146859295161365,0.010599680563942952
Gene057,-0.9672316486315208,0.027748782065813528
Gene058,1.5781833840427206,0.002658921931658962
Gene059,1.135205310011291,0.010609306578952916
Gene060,1.5112974273562965,0.03741209513497133
Gene061,0.9403676518534019,0.01272628830247198
Gene062,-1.9705393938989662,0.0006381460017194396
Gene063,-0.3531288089546294,0.06815010482458948
Gene064,-1.2343498872083263,0.010127137796169491
Gene065,1.1714756885921276,0.011133731052854298
Gene066,1.3296206057103208,0.07546673397624795
Gene067,-1.345668935226872,0.006462011650055926
Gene068,-1.542346130377824,0.031035539912147497
Gene069,-1.5942639039720214,0.001987658348961874
Gene070,1.624622233095846,0.006573053323887601
Gene071,-0.684669991921048,0.027106369399048973
Gene072,2.3556328702167524,0.0023709659028388463
Gene073,-0.269365618166742,0.1769949270424337
Gene074,-0.07018127841347385,0.954992586021436
Gene075,0.04036488152080356,0.10468935287419162
Gene076,-0.6429678385798931,0.01088938543004404
Gene077,0.27915437446203534,0.030815000214349922
Gene078,0.5922774564995945,0.954992586021436
Gene079,2.0292144253414683,0.00021932983947120025
Gene080,0.4675932051230176,0.2273032263479058
Gene081,-0.03976469900070773,0.954992586021436
Gene082,-0.25427878998056785,0.954992586021436
Gene083,-0.5921966853373942,0.04321736630324636
Gene084,-0.9610697455701779,0.014735364328052615
Gene085,0.13319725854161554,0.954992586021436
Gene086,1.3268880348913645,0.03350118474190067
Gene087,-0.5681210358874617,0.954992586021436
Gene088,-1.2122416336863608,0.004118561337660509
Gene089,0.43528163645773815,0.0398649227066318
Gene090,-0.30844282706555853,0.5843231404312176
Gene091,0.7715475502348447,0.012975629314670835
Gene092,0.3303070642361303,0.11101597694227393
Gene093,-0.44836520478851566,0.18876576606961593
Gene094,1.010083920929054,0.006173394153344864
Gene095,-0.5479459899819735,0.10942929910131731
Gene096,0.7604353227777475,0.005132130117937419
Gene097,0.8711419857618887,0.011412054228669284
Gene098,0.7642861291981405,0.008478815418867513
Gene099,-0.33139821731026553,0.4018594171905513
Gene100,-1.0772404429209466,0.1371127712993329
Gene101,-0.7188801225016368,0.01649138325240436
Gene102,-0.47876932092368896,0.954992586021436
Gene103,0.5857892818908994,0.12327118139599635
Gene104,0.02518477850824809,0.954992586021436
Gene105,-0.4127096394966526,0.14508385211014665
Gene106,2.05004347914047,0.0006276998715129947
Gene107,-2.1528175330406913,0.0008258161786606716
Gene108,-0.8162488173344243,0.18516139399125955
Gene109,-1.151667213083319,0.006562141212770105
Gene110,-1.9419494308496958,0.005266934574345727
Gene111,-0.6098137889779284,0.008179303598172876
Gene112,0.6622854570017342,0.19644522706826043
Gene113,-0.8815488722914188,0.036423082412401726
Gene114,-2.344479104869806,0.000345710647758242
Gene115,1.0406225025506817,0.013753608564948526
Gene116,2.6145008252547677,0.0003023247258145229
Gene117,0.9959242807044834,0.014706345260064379
Gene118,-2.015890891364218,0.0008391376503716544
Gene119,0.2581777605433758,0.10776799836700388
Gene120,0.40920038118144625,0.1637609192920863
Gene121,0.3203328456456358,0.6692535305293923
Gene122,-0.9101977461084175,0.006340672005934482
Gene123,1.0215027300514123,0.02218022044641772
Gene124,-1.049615327091481,0.03641531454430677
Gene125,0.12389305707322575,0.954992586021436
Gene126,0.43879544428235717,0.12099483268719717
Gene127,1.2812604727581918,0.016243160028983284
Gene128,-0.25338221262150085,0.939136441572895
Gene129,-0.9012095684718511,0.30907678529298815
Gene130,1.0218500810628601,0.08695150611529165
Gene131,0.7840007772461104,0.015352731517333733
Gene132,1.550757048602831,0.00321245264640889
Gene133,-2.7024946942616275,0.00025159770183075296
Gene134,-0.9103832733494107,0.06283693403782277
Gene135,-0.548920992867254,0.6775448314280693
Gene136,0.7872980298910403,0.021664129643876224
Gene137,-1.4355439189415913,0.020341457016079582
Gene138,1.8286890528720263,0.005099174431828834
Gene139,-0.08329479189442619,0.3133965544988632
Gene140,-2.0104937739856172,0.0014790495186351618
Gene141,-1.0379272359418867,0.3159977002960664
Gene142,-1.3415965902023674,0.015559156789784223
Gene143,1.1282768685624036,0.022168022578409167
Gene144,0.3964241141565901,0.5026356815642302
Gene145,0.391727542747538,0.6046283331989346
Gene146,0.8826224653959562,0.0329565201106297
Gene147,-0.1702585728689634,0.8019572380917106
Gene148,-1.893353155056134,0.0033846603729071746
Gene149,-0.9206184194164521,0.954992586021436
Gene150,-0.8876884458700715,0.08907547636873174
Gene151,-0.8034907086753782,0.07983379673550865
Gene152,1.1279918156265472,0.028092608100748755
Gene153,-0.012291149570017371,0.954992586021436
Gene154,-0.7049205667406393,0.037662042995182936
Gene155,-0.23586261487900864,0.8424214183355334
Gene156,0.3716172408580098,0.5253821984215361
Gene157,-0.8431746550097325,0.09682137089894428
Gene158,0.2306305104554654,0.4250966072850027
Gene159,0.2774276709182644,0.38545740652723826
Gene160,1.1455358682987782,0.0016929439308042327
Gene161,1.044365202184617,0.025516803016914683
Gene162,0.31342934241907644,0.4473362815880092
Gene163,2.376448712471413,0.0016101910597524612
Gene164,0.04106077014165804,0.34565767848285817
Gene165,-0.04621924367763363,0.25323534486922006
Gene166,2.1930372057841168,0.007874172167911253
Gene167,0.8722085179454377,0.019751652755006715
Gene168,0.2461954749863483,0.802656281149995
Gene169,1.758693732614964,0.06126189602266989
Gene170,0.48747487393154,0.3103161817145714
Gene171,1.5183770234437974,0.014014687743121243
Gene172,0.7645847411238514,0.006644221565275522
Gene173,0.9080931000807568,0.2052194665693324
Gene174,2.1240006183512765,0.0002263253274323177
Gene175,-1.0952670269924,0.0030185075308219347
Gene176,0.319569466193934,0.1338885766532101
Gene177,0.7513702626931902,0.2906252415808133
Gene178,0.10219056640006166,0.5828414965165939
Gene179,-0.7001244234584305,0.049246949808256515
Gene180,-1.3235167153108836,0.007721937430937632
Gene181,-0.7455381743005726,0.1462831708331939
Gene182,-0.37493072063588306,0.07224074324363312
Gene183,1.1507781399684676,0.10782636145561113
Gene184,0.41169148194957944,0.09710203229803802
Gene185,-0.8766648030460525,0.34992292907529754
Gene186,1.132537222891195,0.027489812819918694
Gene187,-0.5962192743957008,0.954992586021436
Gene188,-0.16795538429572948,0.2670855788148707
Gene189,0.15114852873382698,0.954992586021436
Gene190,-0.241960394775068,0.3600806191302053
Gene191,1.233379768401472,0.06693481431930669
Gene192,0.15468925682065718,0.48524828251030433
Gene193,-1.4275058631800848,0.02371685316434264
Gene194,1.1176510253490985,0.014663660353457399
Gene195,-1.3523681606446718,0.0015039124506325398
Gene196,0.1930269887239252,0.2192863844545872
Gene197,-0.22058930327206036,0.25549927207619416
Gene198,-0.6455869612361249,0.03346860577590819
Gene199,-0.6574818075560279,0.011965523319182653
Gene200,1.0700080545128727,0.07711680248386446
Gene201,-1.0588558285693777,0.015502638573503319
Gene202,-0.487157497082896,0.3271218321320656
Gene203,-1.1368673021666484,0.006703704462737297
Gene204,1.4288774720326598,0.0015293685929085594
Gene205,0.7327751877131021,0.46327738637612287
Gene206,0.5110578021153614,0.12387612065722672
Gene207,0.14277096125536967,0.19097407382435883
Gene208,-0.7269233929754456,0.12432312133134926
Gene209,-0.9347472035318998,0.07852259742971687
Gene210,-0.7513367221161208,0.08754080889464322
Gene211,2.0554641254705217,0.0002091756411095881
Gene212,1.4046207754587259,0.04742914329260869
Gene213,-0.9079704258263362,0.010834785697073235
Gene214,1.670767092703544,0.0006130504028345218
Gene215,1.0788597576032155,0.06270757773840069
Gene216,0.020336691365414723,0.954992586021436
Gene217,0.39414119503885064,0.19727871572155636
Gene218,0.7616792683161692,0.7283159329022018
Gene219,0.8904828054441711,0.01322808317333468
Gene220,-0.8690926495866911,0.006014157493328633
Gene221,2.3411231120179656,0.00024251316157380045
Gene222,-1.533023229270916,0.006785543421312055
Gene223,0.026774223964629307,0.3314195807659993
Gene224,-1.2988133398349433,0.03563346417074412
Gene225,-0.9528806973237585,0.15718285648776148
Gene226,-1.009884299944007,0.24765989269993785
Gene227,-1.4507618200143475,0.017763815701767157
Gene228,0.9766318818336543,0.2718056103026545
Gene229,4.55449805379223,5.1113824387629574e-08
Gene230,0.6943299048978018,0.0542513029203919
Gene231,1.4960075734080847,0.00039166713541154564
Gene232,2.685870860592431,0.0001709819102664646
Gene233,-2.9931697456320507,8.307929434726833e-05
Gene234,-0.9076601156667783,0.03404228177231037
Gene235,0.2830242927677295,0.27075858820062376
Gene236,-1.0102126922353794,0.010249496750398377
Gene237,3.0146346685975396,0.0007152767185737283
Gene238,0.9513972635949964,0.8842132662882745
Gene239,-0.12326669339057875,0.954992586021436
Gene240,1.3619137537935864,0.003145349060308773
Gene241,0.34863698842932794,0.39130650429173885
Gene242,-0.8022400898154821,0.006721748074769671
Gene243,-0.7039517806302068,0.1889473637439176
Gene244,-0.7523160692468968,0.007251761788818982
Gene245,0.4034712310614942,0.7927268614468169
Gene246,-0.22559223252505434,0.954992586021436
Gene247,-0.37701058924543573,0.15555671176696073
Gene248,1.8737202948194314,0.019394268390468646
Gene249,0.8945241917830627,0.1978078485532725
Gene250,-0.33309041060752487,0.954992586021436
Gene251,0.21645414419916523,0.5969869404338455
Gene252,-1.4560012371492967,0.007858200530720933
Gene253,0.5886238445076333,0.08319727405862971
Gene254,-0.7411697548384082,0.03458957875310894
Gene255,-0.1300934270223599,0.09505198538899517
Gene256,2.4821639345046265,0.0001643366980086128
Gene257,2.2142886905108488,0.00015199981644631303
Gene258,-1.2540825156821285,0.002844541232235747
Gene259,-0.030697902205331227,0.954992586021436
Gene260,-1.050846495850014,0.012172019129563373
Gene261,-0.2777381956162063,0.954992586021436
Gene262,0.9951361419540509,0.02950642683790504
Gene263,1.4135699172620113,0.019710200164768106
Gene264,0.24929064934970813,0.05686271129767559
Gene265,2.2704866749429216,4.2065722956423525e-05
Gene266,1.6004595453285781,0.015475159304969411
Gene267,-0.25131333903237474,0.363081463325076
Gene268,0.40169690247640544,0.374936504474228
Gene269,-2.2968417697642134,0.0004989641764087498
Gene270,-3.2431248782193247,1.6168221369517097e-06
Gene271,0.5017721212983011,0.028057876715534894
Gene272,2.091326850116077,0.0018442688164497778
Gene273,-0.02260863948197574,0.6978382978849682
Gene274,0.1544979518146318,0.07671899879331474
Gene275,0.012928041652887098,0.010834635053302665
Gene276,0.5008148352432333,0.3602859514813765
Gene277,1.29507192685662,0.05536423387952527
Gene278,0.1498068871925874,0.47849455295118115
Gene279,-1.5195317437254228,0.048284557412665664
Gene280,-0.19666252353092847,0.12367018213988222
Gene281,-1.2236473563044705,0.09423658801787259
Gene282,0.014625581520583379,0.954992586021436
Gene283,1.0223791879492523,0.039212385625397646
Gene284,-1.7003732962349984,0.0011863628732750023
Gene285,0.686794200757411,0.4793170133188094
Gene286,-0.5192259969481938,0.033615094514260126
Gene287,0.14734738973039282,0.2060885407453891
Gene288,0.6314235146612968,0.06919902205680649
Gene289,-2.3442365632232414,0.0010898161241577476
Gene290,1.1699762358346417,0.05560271138102284
Gene291,-0.2507941700950998,0.954992586021436
Gene292,0.6409567049733813,0.6717139427355459
Gene293,0.7405540753142643,0.03376931785047832
Gene294,0.20132977490244036,0.954992586021436
Gene295,0.09817890715165635,0.3053630930164334
Gene296,1.6065359864595528,0.008554063647434041
Gene297,-2.618307873810902,5.303840080022093e-05
Gene298,0.09440227152916297,0.3946874316331953
Gene299,-0.9485350746131818,0.023105073275509473
Gene300,0.37900876794151506,0.6346706801598332
Gene301,4.041284288397422,2.3226800438185618e-07
Gene302,-0.2270956693846234,0.25914845220115296
Gene303,0.31053857205050733,0.9415736264275143
Gene304,-1.4623866017210747,0.0008467811574356737
Gene305,-0.1777509494942046,0.2781392497939223
Gene306,0.41243786209305827,0.07299685913978377
Gene307,3.0539116504978545,3.2173326188607537e-06
Gene308,-1.0311615775928993,0.22759057590709697
Gene309,0.03522454250195935,0.246053401094001
Gene310,1.1964942769432418,0.18318601888530076
Gene311,-0.7016902163842388,0.1150257500573402
Gene312,-2.1760807161476765,0.00022520226806718686
Gene313,2.40391440263883,0.00021714347137068686
Gene314,1.1871869293091013,0.0042529044970341075
Gene315,0.041348181301578926,0.7746254368441988
Gene316,-1.2641610108398043,0.0034964135379897225
Gene317,-0.02443428541209515,0.954992586021436
Gene318,-0.03800430883183228,0.5416132198825344
Gene319,-1.3497093154075999,0.018029964613188447
Gene320,-2.0396518054482384,0.0025730830170087545
